<floor id="101001010001" location="BaiShengGouWuZhongXin (TaiYangGongDian )" floor="-1" north="0.0">
	<feature id="1010010100010000" shape="0" type="1" name="百盛超市" url="">
		<nd x="13.455078" y="73.046692" />
		<nd x="72.391296" y="73.046692" />
		<nd x="72.391296" y="59.093872" />
		<nd x="84.206299" y="59.093872" />
		<nd x="84.206299" y="50.886475" />
		<nd x="57.400085" y="50.886475" />
		<nd x="54.319275" y="48.664917" />
		<nd x="54.319275" y="56.282104" />
		<nd x="55.873901" y="56.282104" />
		<nd x="55.873901" y="60.010681" />
		<nd x="27.710327" y="60.010681" />
		<nd x="27.710327" y="51.852112" />
		<nd x="44.829285" y="51.852112" />
		<nd x="44.829285" y="47.341675" />
		<nd x="52.587891" y="47.341675" />
		<nd x="44.211731" y="41.163879" />
		<nd x="18.606873" y="41.163879" />
		<nd x="18.606873" y="45.014893" />
		<nd x="13.043091" y="45.014893" />
		<nd x="13.043091" y="53.538086" />
		<nd x="18.950317" y="53.538086" />
		<nd x="18.950317" y="58.715088" />
		<nd x="13.455078" y="58.715088" />
		<center x="30.8339233398" y="46.5081176758" />
		<info url="" text="" />
	</feature>
	<feature id="1010010100010001" shape="0" type="1" name="雅宝时尚" url="">
		<nd x="18.649719" y="40.990112" />
		<nd x="24.471313" y="40.990112" />
		<nd x="24.471313" y="37.644104" />
		<nd x="18.649719" y="37.644104" />
		<center x="21.5604858398" y="39.3170776367" />
		<info url="" text="" />
	</feature>
	<feature id="1010010100010002" shape="0" type="1" name="Lladro" url="">
		<nd x="18.649719" y="37.454529" />
		<nd x="24.471313" y="37.454529" />
		<nd x="24.471313" y="33.998108" />
		<nd x="18.649719" y="33.998108" />
		<center x="21.5604858398" y="35.7263183594" />
		<info url="" text="" />
	</feature>
	<feature id="1010010100010003" shape="0" type="1" name="伦诺克斯" url="">
		<nd x="18.649719" y="33.934875" />
		<nd x="24.471313" y="33.934875" />
		<nd x="24.471313" y="30.588684" />
		<nd x="18.649719" y="30.588684" />
		<center x="21.5604858398" y="32.2617797852" />
		<info url="" text="" />
	</feature>
	<feature id="1010010100010004" shape="0" type="1" name="琉园" url="">
		<nd x="18.649719" y="30.399292" />
		<nd x="24.471313" y="30.399292" />
		<nd x="24.471313" y="25.885071" />
		<nd x="18.649719" y="25.885071" />
		<center x="21.5604858398" y="28.1422119141" />
		<info url="" text="" />
	</feature>
	<feature id="1010010100010005" shape="0" type="1" name="FRANZ" url="">
		<nd x="18.649719" y="25.632690" />
		<nd x="24.471313" y="25.632690" />
		<nd x="24.471313" y="21.813110" />
		<nd x="18.649719" y="21.813110" />
		<center x="21.5604858398" y="23.7229003906" />
		<info url="" text="" />
	</feature>
	<feature id="1010010100010006" shape="0" type="1" name="多样屋" url="">
		<nd x="10.887878" y="21.592102" />
		<nd x="24.471313" y="21.592102" />
		<nd x="24.471313" y="15.436523" />
		<nd x="10.887878" y="15.436523" />
		<center x="17.6796264648" y="18.5142822266" />
		<info url="" text="" />
	</feature>
	<feature id="1010010100010007" shape="0" type="1" name="BRITA" url="">
		<nd x="26.549072" y="37.596680" />
		<nd x="29.107910" y="37.596680" />
		<nd x="29.107910" y="30.841309" />
		<nd x="26.549072" y="30.841309" />
		<center x="27.8284912109" y="34.2189941406" />
		<info url="" text="" />
	</feature>
	<feature id="1010010100010008" shape="0" type="1" name="Tiger" url="">
		<nd x="29.314087" y="37.596680" />
		<nd x="31.735291" y="37.596680" />
		<nd x="31.735291" y="30.841309" />
		<nd x="29.314087" y="30.841309" />
		<center x="30.5247192383" y="34.2189941406" />
		<info url="" text="" />
	</feature>
	<feature id="1010010100010009" shape="0" type="1" name="柔之家" url="">
		<nd x="31.924072" y="37.596680" />
		<nd x="33.813293" y="37.596680" />
		<nd x="33.813293" y="30.841309" />
		<nd x="31.924072" y="30.841309" />
		<center x="32.8687133789" y="34.2189941406" />
		<info url="" text="" />
	</feature>
	<feature id="1010010100010010" shape="0" type="1" name="JUNA" url="">
		<nd x="34.010681" y="37.596680" />
		<nd x="35.899719" y="37.596680" />
		<nd x="35.899719" y="30.841309" />
		<nd x="34.010681" y="30.841309" />
		<center x="34.9552001953" y="34.2189941406" />
		<info url="" text="" />
	</feature>
	<feature id="1010010100010011" shape="0" type="1" name="THERMOS" url="">
		<nd x="26.506287" y="30.699280" />
		<nd x="31.743896" y="30.699280" />
		<nd x="31.743896" y="24.085876" />
		<nd x="26.506287" y="24.085876" />
		<center x="29.1251220703" y="27.392578125" />
		<info url="" text="" />
	</feature>
	<feature id="1010010100010012" shape="0" type="1" name="象印" url="">
		<nd x="31.924072" y="30.667725" />
		<nd x="35.856689" y="30.667725" />
		<nd x="35.856689" y="27.542480" />
		<nd x="31.924072" y="27.542480" />
		<center x="33.8903808594" y="29.1051025391" />
		<info url="" text="" />
	</feature>
	<feature id="1010010100010013" shape="0" type="1" name="特百惠" url="">
		<nd x="31.941528" y="27.368896" />
		<nd x="35.873901" y="27.368896" />
		<nd x="35.873901" y="24.085876" />
		<nd x="31.941528" y="24.085876" />
		<center x="33.9077148438" y="25.7274169922" />
		<info url="" text="" />
	</feature>
	<feature id="1010010100010014" shape="0" type="1" name="SERGE LESAGE" url="">
		<nd x="36.062683" y="37.565125" />
		<nd x="38.361511" y="37.565125" />
		<nd x="38.361511" y="34.566284" />
		<nd x="36.062683" y="34.566284" />
		<center x="37.212097168" y="36.0656738281" />
		<info url="" text="" />
	</feature>
	<feature id="1010010100010015" shape="0" type="1" name="LINKFAIR" url="">
		<nd x="36.062683" y="34.424072" />
		<nd x="38.361511" y="34.424072" />
		<nd x="38.361511" y="31.693481" />
		<nd x="36.062683" y="31.693481" />
		<center x="37.212097168" y="33.0587768555" />
		<info url="" text="" />
	</feature>
	<feature id="1010010100010016" shape="0" type="1" name="CIKA" url="">
		<nd x="36.062683" y="31.527893" />
		<nd x="38.361511" y="31.527893" />
		<nd x="38.361511" y="28.797302" />
		<nd x="36.062683" y="28.797302" />
		<center x="37.212097168" y="30.1625976562" />
		<info url="" text="" />
	</feature>
	<feature id="1010010100010017" shape="0" type="1" name="米技" url="">
		<nd x="36.045715" y="28.639526" />
		<nd x="38.361511" y="28.639526" />
		<nd x="38.361511" y="26.224487" />
		<nd x="36.045715" y="26.224487" />
		<center x="37.2036132812" y="27.4320068359" />
		<info url="" text="" />
	</feature>
	<feature id="1010010100010018" shape="0" type="1" name="CORNING" url="">
		<nd x="36.045715" y="26.066711" />
		<nd x="38.361511" y="26.066711" />
		<nd x="38.361511" y="24.085876" />
		<nd x="36.045715" y="24.085876" />
		<center x="37.2036132812" y="25.0762939453" />
		<info url="" text="" />
	</feature>
	<feature id="1010010100010019" shape="0" type="1" name="巧的木" url="">
		<nd x="26.550293" y="21.795105" />
		<nd x="32.659912" y="21.795105" />
		<nd x="32.659912" y="18.698120" />
		<nd x="26.550293" y="18.698120" />
		<center x="29.6051025391" y="20.2465820312" />
		<info url="" text="" />
	</feature>
	<feature id="1010010100010020" shape="0" type="1" name="居元素" url="">
		<nd x="32.878479" y="21.795105" />
		<nd x="38.361511" y="21.795105" />
		<nd x="38.361511" y="18.698120" />
		<nd x="32.878479" y="18.698120" />
		<center x="35.6199951172" y="20.2465820312" />
		<info url="" text="" />
	</feature>
	<feature id="1010010100010021" shape="0" type="1" name="ZWILING" url="">
		<nd x="13.689880" y="13.815918" />
		<nd x="32.797119" y="13.815918" />
		<nd x="32.797119" y="9.256531" />
		<nd x="11.972473" y="9.256531" />
		<nd x="11.972473" y="12.563904" />
		<center x="22.4974975586" y="11.5148925781" />
		<info url="" text="" />
	</feature>
	<feature id="1010010100010022" shape="0" type="1" name="staub" url="">
		<nd x="33.038086" y="13.815918" />
		<nd x="42.769287" y="13.815918" />
		<nd x="42.769287" y="7.984680" />
		<nd x="45.451477" y="7.984680" />
		<nd x="45.451477" y="5.669312" />
		<nd x="40.905884" y="5.669312" />
		<nd x="40.905884" y="9.256531" />
		<nd x="33.038086" y="9.256531" />
		<center x="39.2448120117" y="11.536315918" />
		<info url="" text="" />
	</feature>
	<feature id="1010010100010023" shape="0" type="1" name="WMF" url="">
		<nd x="45.482727" y="13.815918" />
		<nd x="50.135071" y="13.815918" />
		<nd x="50.135071" y="9.256531" />
		<nd x="45.482727" y="9.256531" />
		<center x="47.8088989258" y="11.5361938477" />
		<info url="" text="" />
	</feature>
	<feature id="1010010100010024" shape="0" type="1" name="内野" url="">
		<nd x="48.615479" y="20.951721" />
		<nd x="53.510925" y="20.951721" />
		<nd x="53.510925" y="15.689087" />
		<nd x="48.615479" y="15.689087" />
		<center x="51.0631713867" y="18.3203735352" />
		<info url="" text="" />
	</feature>
	<feature id="1010010100010025" shape="0" type="1" name="以旺" url="">
		<nd x="53.739929" y="20.951721" />
		<nd x="58.635071" y="20.951721" />
		<nd x="58.635071" y="15.689087" />
		<nd x="53.739929" y="15.689087" />
		<center x="56.1875" y="18.3203735352" />
		<info url="" text="" />
	</feature>
	<feature id="1010010100010026" shape="0" type="1" name="紫罗兰家纺" url="">
		<nd x="53.448486" y="14.087891" />
		<nd x="57.080872" y="14.087891" />
		<nd x="57.080872" y="9.416687" />
		<nd x="53.448486" y="9.416687" />
		<center x="55.2647094727" y="11.7523193359" />
		<info url="" text="" />
	</feature>
	<feature id="1010010100010027" shape="0" type="1" name="喜来登" url="">
		<nd x="57.285522" y="14.087891" />
		<nd x="60.335083" y="14.087891" />
		<nd x="60.335083" y="9.416687" />
		<nd x="57.285522" y="9.416687" />
		<center x="58.8103027344" y="11.7523193359" />
		<info url="" text="" />
	</feature>
	<feature id="1010010100010028" shape="0" type="1" name="寐" url="">
		<nd x="60.588501" y="15.025330" />
		<nd x="69.126526" y="15.025330" />
		<nd x="69.126526" y="9.416687" />
		<nd x="60.588501" y="9.416687" />
		<center x="64.8574829102" y="12.2210083008" />
		<info url="" text="" />
	</feature>
	<feature id="1010010100010029" shape="0" type="1" name="ZUCCHI" url="">
		<nd x="61.924072" y="20.951721" />
		<nd x="69.102295" y="20.951721" />
		<nd x="69.102295" y="15.220276" />
		<nd x="60.564087" y="15.220276" />
		<center x="65.1633911133" y="18.0032958984" />
		<info url="" text="" />
	</feature>
	<feature id="1010010100010030" shape="0" type="1" name="富安娜" url="">
		<nd x="75.305481" y="20.951721" />
		<nd x="78.573730" y="20.951721" />
		<nd x="78.573730" y="14.337891" />
		<nd x="75.305481" y="14.337891" />
		<center x="76.9395751953" y="17.6447753906" />
		<info url="" text="" />
	</feature>
	<feature id="1010010100010031" shape="0" type="1" name="恐龙纺织" url="">
		<nd x="75.305481" y="14.132507" />
		<nd x="81.319702" y="14.132507" />
		<nd x="81.319702" y="9.416687" />
		<nd x="75.305481" y="9.416687" />
		<center x="78.3126220703" y="11.774597168" />
		<info url="" text="" />
	</feature>
	<feature id="1010010100010032" shape="0" type="1" name="ESPRIT HOME" url="">
		<nd x="81.547119" y="20.951721" />
		<nd x="84.256531" y="20.951721" />
		<nd x="84.256531" y="9.416687" />
		<nd x="81.547119" y="9.416687" />
		<center x="82.9017944336" y="15.1842041016" />
		<info url="" text="" />
	</feature>
	<feature id="1010010100010033" shape="0" type="1" name="Nikon" url="">
		<nd x="76.703674" y="32.003479" />
		<nd x="79.413086" y="32.003479" />
		<nd x="79.413086" y="24.320496" />
		<nd x="76.703674" y="24.320496" />
		<center x="78.0584106445" y="28.1619873047" />
		<info url="" text="" />
	</feature>
	<feature id="1010010100010034" shape="0" type="1" name="Canon" url="">
		<nd x="73.765320" y="29.665283" />
		<nd x="76.474915" y="29.665283" />
		<nd x="76.474915" y="24.320496" />
		<nd x="73.765320" y="24.320496" />
		<center x="75.1201171875" y="26.9929199219" />
		<info url="" text="" />
	</feature>
	<feature id="1010010100010035" shape="0" type="1" name="索尼bravia" url="">
		<nd x="58.686523" y="30.065125" />
		<nd x="63.098694" y="30.065125" />
		<nd x="63.098694" y="29.665283" />
		<nd x="66.430481" y="29.665283" />
		<nd x="66.430481" y="24.320496" />
		<nd x="58.686523" y="24.320496" />
		<center x="62.4904174805" y="27.1102905273" />
		<info url="" text="" />
	</feature>
	<feature id="1010010100010036" shape="0" type="1" name="索尼数码工作坊" url="">
		<nd x="58.686523" y="34.248901" />
		<nd x="63.054077" y="34.248901" />
		<nd x="63.054077" y="30.257080" />
		<nd x="58.686523" y="30.257080" />
		<center x="60.870300293" y="32.2529907227" />
		<info url="" text="" />
	</feature>
	<feature id="1010010100010037" shape="0" type="1" name="同仁堂" url="">
		<nd x="58.666687" y="40.969116" />
		<nd x="63.034119" y="40.969116" />
		<nd x="63.034119" y="34.410522" />
		<nd x="58.666687" y="34.410522" />
		<center x="60.850402832" y="37.6898193359" />
		<info url="" text="" />
	</feature>
	<feature id="1010010100010038" shape="0" type="1" name="极草" url="">
		<nd x="58.642273" y="47.230286" />
		<nd x="63.009888" y="49.730286" />
		<nd x="63.009888" y="41.184875" />
		<nd x="58.642273" y="41.184875" />
		<center x="60.9508056641" y="44.8682861328" />
		<info url="" text="" />
	</feature>
	<feature id="1010010100010039" shape="0" type="1" name="Panasonic" url="">
		<nd x="45.743896" y="33.734497" />
		<nd x="56.541077" y="41.327515" />
		<nd x="56.541077" y="35.462891" />
		<nd x="49.016907" y="29.913330" />
		<nd x="49.016907" y="25.969727" />
		<nd x="47.541077" y="25.969727" />
		<nd x="47.541077" y="28.974487" />
		<nd x="45.743896" y="27.650513" />
		<center x="50.9063110352" y="34.0048217773" />
		<info url="" text="" />
	</feature>
	<feature id="1010010100010040" shape="0" type="1" name="小家电" url="">
		<nd x="45.743896" y="40.125488" />
		<nd x="53.282898" y="45.870911" />
		<nd x="56.452698" y="45.870911" />
		<nd x="56.452698" y="41.648682" />
		<nd x="45.743896" y="34.002686" />
		<center x="50.9194946289" y="40.7362060547" />
		<info url="" text="" />
	</feature>
	<feature id="1010010100010041" shape="0" type="1" name="NESPRESSO" url="">
		<nd x="45.749878" y="27.508301" />
		<nd x="46.978088" y="27.508301" />
		<nd x="46.978088" y="25.969727" />
		<nd x="45.749878" y="25.969727" />
		<center x="46.3640136719" y="26.7390136719" />
		<info url="" text="" />
	</feature>
	<feature id="1010010100010042" shape="0" type="1" name="飞利浦" url="">
		<nd x="52.476685" y="27.200317" />
		<nd x="56.707092" y="27.200317" />
		<nd x="56.707092" y="24.320496" />
		<nd x="52.476685" y="24.320496" />
		<center x="54.5919189453" y="25.7603759766" />
		<info url="" text="" />
	</feature>
	<feature id="1010010100010043" shape="0" type="1" name="BRAUN" url="">
		<nd x="52.453674" y="29.626526" />
		<nd x="56.684082" y="33.541077" />
		<nd x="56.684082" y="27.307922" />
		<nd x="52.453674" y="27.307922" />
		<center x="54.8916015625" y="29.5952148438" />
		<info url="" text="" />
	</feature>
	<feature id="1010010100010044" shape="2" type="2" name="Elevator" url="Elevator.png">
		<nd x="7.033081" y="19.204285" />
		<center x="7.03308105469" y="19.204284668" />
		<info url="" text="" />
	</feature>
	<feature id="1010010100010045" shape="2" type="2" name="Toilet" url="Toilet.png">
		<nd x="35.452881" y="6.207886" />
		<center x="35.4528808594" y="6.20788574219" />
		<info url="" text="" />
	</feature>
	<feature id="1010010100010046" shape="2" type="2" name="Elevator" url="Elevator.png">
		<nd x="51.972473" y="7.460693" />
		<center x="51.9724731445" y="7.46069335938" />
		<info url="" text="" />
	</feature>
	<feature id="1010010100010047" shape="2" type="2" name="Escalator" url="Escalator.png">
		<nd x="73.690491" y="14.350281" />
		<center x="73.6904907227" y="14.3502807617" />
		<info url="" text="" />
	</feature>
	<feature id="1010010100010048" shape="2" type="2" name="Escalator" url="Escalator.png">
		<nd x="41.512695" y="27.659912" />
		<center x="41.5126953125" y="27.6599121094" />
		<info url="" text="" />
	</feature>
	<feature id="1010010100010049" shape="0" type="2" name="" url="">
		<nd x="66.678894" y="29.665283" />
		<nd x="73.567688" y="29.665283" />
		<nd x="73.567688" y="24.320496" />
		<nd x="66.678894" y="24.320496" />
		<center x="70.1232910156" y="26.9929199219" />
		<info url="" text="" />
	</feature>
	<feature id="1010010100010050" shape="0" type="2" name="" url="">
		<nd x="38.605530" y="5.481873" />
		<nd x="45.451477" y="5.481873" />
		<nd x="45.451477" y="2.725708" />
		<nd x="33.038086" y="2.725708" />
		<nd x="33.038086" y="9.059082" />
		<nd x="38.605530" y="9.059082" />
		<center x="36.1414794922" y="5.89251708984" />
		<info url="" text="" />
	</feature>
	<feature id="1010010100010051" shape="0" type="0" name="" url="">
		<nd x="2.564697" y="73.616089" />
		<nd x="84.553101" y="73.616089" />
		<nd x="84.553101" y="2.321472" />
		<nd x="2.564697" y="2.321472" />
		<center x="43.5588989258" y="37.9688110352" />
		<info url="" text="" />
	</feature>
</floor>
