<floor id="101001010002" location="BaiShengGouWuZhongXin (TaiYangGongDian )" floor="1" north="0.0">
	<feature id="1010010100020000" shape="0" type="1" name="IPSA" url="">
		<nd x="18.471130" y="38.218506" />
		<nd x="23.113525" y="38.218506" />
		<nd x="23.113525" y="31.898499" />
		<nd x="18.471130" y="31.898499" />
		<center x="20.7922973633" y="35.0584716797" />
		<info url="" text="" />
	</feature>
	<feature id="1010010100020001" shape="0" type="1" name="妙巴黎" url="">
		<nd x="26.580078" y="53.646484" />
		<nd x="26.580078" y="59.615295" />
		<nd x="37.349915" y="59.615295" />
		<nd x="37.349915" y="53.646118" />
		<nd x="31.259277" y="53.646484" />
		<center x="31.9650878906" y="56.6307983398" />
		<info url="" text="" />
	</feature>
	<feature id="1010010100020002" shape="0" type="1" name="Cartier" url="">
		<nd x="2.936523" y="18.406677" />
		<nd x="11.887329" y="18.406677" />
		<nd x="11.887329" y="30.825317" />
		<nd x="16.098877" y="30.825317" />
		<nd x="16.098877" y="15.004883" />
		<nd x="2.936523" y="15.004883" />
		<center x="9.51770019531" y="16.705871582" />
		<info url="" text="" />
	</feature>
	<feature id="1010010100020003" shape="0" type="1" name="ARMANI" url="">
		<nd x="2.936523" y="42.966125" />
		<nd x="16.098877" y="42.966125" />
		<nd x="16.098877" y="32.375122" />
		<nd x="2.936523" y="32.375122" />
		<center x="9.51770019531" y="37.6705932617" />
		<info url="" text="" />
	</feature>
	<feature id="1010010100020004" shape="0" type="1" name="PORTS" url="">
		<nd x="2.936523" y="66.751892" />
		<nd x="16.098877" y="66.751892" />
		<nd x="16.098877" y="43.171082" />
		<nd x="2.936523" y="43.171082" />
		<center x="9.51770019531" y="54.9614868164" />
		<info url="" text="" />
	</feature>
	<feature id="1010010100020005" shape="0" type="1" name="夏姿陈" url="">
		<nd x="16.349487" y="68.109497" />
		<nd x="23.110474" y="68.109497" />
		<nd x="23.110474" y="54.409119" />
		<nd x="16.349487" y="54.409119" />
		<center x="19.7299804688" y="61.2592773438" />
		<info url="" text="" />
	</feature>
	<feature id="1010010100020006" shape="0" type="1" name="DRAGON STAR" url="">
		<nd x="18.237671" y="72.907471" />
		<nd x="29.089905" y="72.907471" />
		<nd x="29.089905" y="61.961731" />
		<nd x="23.290710" y="61.961731" />
		<nd x="23.290710" y="68.298889" />
		<nd x="18.237671" y="68.298889" />
		<center x="26.3768920898" y="67.4346923828" />
		<info url="" text="" />
	</feature>
	<feature id="1010010100020007" shape="0" type="1" name="HUGO BOSS" url="">
		<nd x="29.262512" y="72.907471" />
		<nd x="42.906677" y="72.907471" />
		<nd x="42.906677" y="61.961731" />
		<nd x="29.262512" y="61.961731" />
		<center x="36.0845947266" y="67.4345703125" />
		<info url="" text="" />
	</feature>
	<feature id="1010010100020008" shape="0" type="1" name="SWAROVSKI" url="">
		<nd x="43.103699" y="72.907471" />
		<nd x="51.535278" y="72.907471" />
		<nd x="51.535278" y="65.678711" />
		<nd x="56.274902" y="65.678711" />
		<nd x="56.274902" y="61.961731" />
		<nd x="43.103699" y="61.961731" />
		<center x="48.3751220703" y="66.8552246094" />
		<info url="" text="" />
	</feature>
	<feature id="1010010100020009" shape="0" type="1" name="KATE SPADE" url="">
		<nd x="68.192688" y="72.907471" />
		<nd x="76.652893" y="72.907471" />
		<nd x="76.652893" y="71.122681" />
		<nd x="68.587708" y="61.953918" />
		<nd x="65.479492" y="61.953918" />
		<nd x="65.479492" y="70.255920" />
		<nd x="68.192688" y="70.255920" />
		<center x="70.0853271484" y="68.1931152344" />
		<info url="" text="" />
	</feature>
	<feature id="1010010100020010" shape="0" type="1" name="雅阁诗丹" url="">
		<nd x="73.413086" y="60.406921" />
		<nd x="84.062500" y="60.406921" />
		<nd x="84.062500" y="51.374878" />
		<nd x="79.744690" y="51.374878" />
		<nd x="79.744690" y="47.580078" />
		<nd x="73.413086" y="47.580078" />
		<center x="78.3062744141" y="54.6090087891" />
		<info url="" text="" />
	</feature>
	<feature id="1010010100020011" shape="0" type="1" name="SALVATORE FERRAGAMO" url="">
		<nd x="73.466675" y="47.066895" />
		<nd x="76.864685" y="47.066895" />
		<nd x="76.864685" y="44.793884" />
		<nd x="73.466675" y="44.793884" />
		<center x="75.1657104492" y="45.9304199219" />
		<info url="" text="" />
	</feature>
	<feature id="1010010100020012" shape="0" type="1" name="BVLGARI" url="">
		<nd x="73.466675" y="44.607483" />
		<nd x="76.864685" y="44.607483" />
		<nd x="76.864685" y="42.576904" />
		<nd x="73.466675" y="42.576904" />
		<center x="75.1657104492" y="43.5922241211" />
		<info url="" text="" />
	</feature>
	<feature id="1010010100020013" shape="0" type="1" name="Giorgio Armani" url="">
		<nd x="73.466675" y="42.392700" />
		<nd x="76.877075" y="42.392700" />
		<nd x="76.877075" y="40.149292" />
		<nd x="73.466675" y="40.149292" />
		<center x="75.171875" y="41.2709960938" />
		<info url="" text="" />
	</feature>
	<feature id="1010010100020014" shape="0" type="1" name="TUMI" url="">
		<nd x="73.465881" y="37.047119" />
		<nd x="84.062500" y="37.047119" />
		<nd x="84.062500" y="31.353516" />
		<nd x="73.465881" y="31.353516" />
		<center x="78.7642211914" y="34.2003173828" />
		<info url="" text="" />
	</feature>
	<feature id="1010010100020015" shape="0" type="1" name="LANCEL" url="">
		<nd x="73.465881" y="31.164673" />
		<nd x="84.062500" y="31.164673" />
		<nd x="84.062500" y="19.284485" />
		<nd x="73.465881" y="19.284485" />
		<center x="78.7642211914" y="25.224609375" />
		<info url="" text="" />
	</feature>
	<feature id="1010010100020016" shape="0" type="1" name="拉尔夫·劳伦" url="">
		<nd x="65.694519" y="19.095276" />
		<nd x="84.062500" y="19.095276" />
		<nd x="84.062500" y="7.035889" />
		<nd x="65.694519" y="7.035889" />
		<center x="74.8784790039" y="13.065612793" />
		<info url="" text="" />
	</feature>
	<feature id="1010010100020017" shape="0" type="1" name="HERMES" url="">
		<nd x="47.680481" y="19.418884" />
		<nd x="60.947510" y="19.418884" />
		<nd x="60.947510" y="16.138489" />
		<nd x="53.928894" y="16.138489" />
		<nd x="53.928894" y="7.035889" />
		<nd x="47.680481" y="7.035889" />
		<center x="50.9973144531" y="13.2274780273" />
		<info url="" text="" />
	</feature>
	<feature id="1010010100020018" shape="0" type="1" name="ELIZABETH ARDEN" url="">
		<nd x="18.572876" y="29.196899" />
		<nd x="23.018127" y="29.196899" />
		<nd x="23.018127" y="22.737488" />
		<nd x="18.572876" y="22.737488" />
		<center x="20.7954711914" y="25.9672241211" />
		<info url="" text="" />
	</feature>
	<feature id="1010010100020019" shape="0" type="1" name="Sisley" url="">
		<nd x="25.304504" y="29.196899" />
		<nd x="30.093323" y="29.196899" />
		<nd x="30.093323" y="22.737488" />
		<nd x="25.304504" y="22.737488" />
		<center x="27.6989135742" y="25.9672241211" />
		<info url="" text="" />
	</feature>
	<feature id="1010010100020020" shape="0" type="1" name="DIOR" url="">
		<nd x="31.799072" y="29.196899" />
		<nd x="36.569275" y="29.196899" />
		<nd x="36.569275" y="22.737488" />
		<nd x="31.799072" y="22.737488" />
		<center x="34.1842041016" y="25.9672241211" />
		<info url="" text="" />
	</feature>
	<feature id="1010010100020021" shape="0" type="1" name="ESTEE LAUDER" url="">
		<nd x="39.500122" y="29.196899" />
		<nd x="44.193298" y="29.196899" />
		<nd x="44.193298" y="22.737488" />
		<nd x="39.500122" y="22.737488" />
		<center x="41.8466796875" y="25.9672241211" />
		<info url="" text="" />
	</feature>
	<feature id="1010010100020022" shape="0" type="1" name="资生堂" url="">
		<nd x="61.238098" y="29.144104" />
		<nd x="65.890503" y="29.144104" />
		<nd x="65.890503" y="22.817078" />
		<nd x="61.238098" y="22.817078" />
		<center x="63.5642700195" y="25.9805908203" />
		<info url="" text="" />
	</feature>
	<feature id="1010010100020023" shape="0" type="1" name="SK-II" url="">
		<nd x="65.737488" y="31.820923" />
		<nd x="60.842102" y="31.820923" />
		<nd x="60.842102" y="38.224670" />
		<nd x="65.737488" y="38.224670" />
		<center x="63.2897949219" y="35.0228271484" />
		<info url="" text="" />
	</feature>
	<feature id="1010010100020024" shape="0" type="1" name="FANCL无添加" url="">
		<nd x="54.025330" y="41.950684" />
		<nd x="58.175476" y="41.950684" />
		<nd x="58.175476" y="33.026306" />
		<nd x="54.025330" y="33.026306" />
		<center x="56.100402832" y="37.4885253906" />
		<info url="" text="" />
	</feature>
	<feature id="1010010100020025" shape="0" type="1" name="L'OCCITANE" url="">
		<nd x="54.025330" y="50.736511" />
		<nd x="58.175476" y="50.736511" />
		<nd x="58.175476" y="42.134521" />
		<nd x="54.025330" y="42.134521" />
		<center x="56.100402832" y="46.4354858398" />
		<info url="" text="" />
	</feature>
	<feature id="1010010100020026" shape="0" type="1" name="OLAY" url="">
		<nd x="60.946899" y="50.736511" />
		<nd x="64.920715" y="50.736511" />
		<nd x="64.920715" y="45.529907" />
		<nd x="60.946899" y="45.529907" />
		<center x="62.9337768555" y="48.1331787109" />
		<info url="" text="" />
	</feature>
	<feature id="1010010100020027" shape="0" type="1" name="H2O+" url="">
		<nd x="60.878906" y="45.343323" />
		<nd x="64.920715" y="45.343323" />
		<nd x="64.920715" y="39.763672" />
		<nd x="60.878906" y="39.763672" />
		<center x="62.8997802734" y="42.553527832" />
		<info url="" text="" />
	</feature>
	<feature id="1010010100020028" shape="0" type="1" name="佰草集" url="">
		<nd x="65.130920" y="50.736511" />
		<nd x="69.090881" y="50.736511" />
		<nd x="69.090881" y="45.529907" />
		<nd x="65.130920" y="45.529907" />
		<center x="67.1109008789" y="48.1331787109" />
		<info url="" text="" />
	</feature>
	<feature id="1010010100020029" shape="0" type="1" name="HUGO BOSS" url="">
		<nd x="65.130920" y="45.343323" />
		<nd x="69.090881" y="45.343323" />
		<nd x="69.090881" y="43.018494" />
		<nd x="65.130920" y="43.018494" />
		<center x="67.1109008789" y="44.1809082031" />
		<info url="" text="" />
	</feature>
	<feature id="1010010100020030" shape="0" type="1" name="HUGO BOSS" url="">
		<nd x="65.130920" y="42.857910" />
		<nd x="69.090881" y="42.857910" />
		<nd x="69.090881" y="41.389709" />
		<nd x="65.130920" y="41.389709" />
		<center x="67.1109008789" y="42.1237792969" />
		<info url="" text="" />
	</feature>
	<feature id="1010010100020031" shape="0" type="1" name="CALVIN KLEIN" url="">
		<nd x="65.130920" y="41.222107" />
		<nd x="69.090881" y="41.222107" />
		<nd x="69.090881" y="39.763672" />
		<nd x="65.130920" y="39.763672" />
		<center x="67.1109008789" y="40.4929199219" />
		<info url="" text="" />
	</feature>
	<feature id="1010010100020032" shape="0" type="1" name="GUCCI" url="">
		<nd x="64.172302" y="59.361694" />
		<nd x="69.456116" y="59.361694" />
		<nd x="69.456116" y="53.331482" />
		<nd x="64.172302" y="53.331482" />
		<center x="66.8142089844" y="56.3466186523" />
		<info url="" text="" />
	</feature>
	<feature id="1010010100020033" shape="0" type="1" name="perriconeMD" url="">
		<nd x="58.793091" y="59.361694" />
		<nd x="63.991882" y="59.361694" />
		<nd x="63.991882" y="53.331482" />
		<nd x="58.793091" y="53.331482" />
		<center x="61.3925170898" y="56.3466186523" />
		<info url="" text="" />
	</feature>
	<feature id="1010010100020034" shape="0" type="1" name="AUPRES" url="">
		<nd x="52.806885" y="59.361694" />
		<nd x="58.593506" y="59.361694" />
		<nd x="58.593506" y="53.331482" />
		<nd x="52.806885" y="53.331482" />
		<center x="55.7001953125" y="56.3466186523" />
		<info url="" text="" />
	</feature>
	<feature id="1010010100020035" shape="0" type="1" name="ZA" url="">
		<nd x="44.291870" y="59.615295" />
		<nd x="49.063477" y="59.615295" />
		<nd x="49.063477" y="53.645874" />
		<nd x="44.291870" y="53.645874" />
		<center x="46.6776733398" y="56.6306152344" />
		<info url="" text="" />
	</feature>
	<feature id="1010010100020036" shape="0" type="1" name="LOREAL" url="">
		<nd x="39.641724" y="59.615295" />
		<nd x="44.077881" y="59.615295" />
		<nd x="44.077881" y="53.645874" />
		<nd x="39.641724" y="53.645874" />
		<center x="41.8598022461" y="56.6306152344" />
		<info url="" text="" />
	</feature>
	<feature id="1010010100020037" shape="0" type="1" name="KOSE" url="">
		<nd x="31.869324" y="50.717102" />
		<nd x="36.099487" y="50.717102" />
		<nd x="36.099487" y="46.309509" />
		<nd x="31.869324" y="46.309509" />
		<center x="33.984375" y="48.5133056641" />
		<info url="" text="" />
	</feature>
	<feature id="1010010100020038" shape="0" type="1" name="LANEIGE" url="">
		<nd x="25.363892" y="50.717102" />
		<nd x="29.594116" y="50.717102" />
		<nd x="29.594116" y="46.309509" />
		<nd x="25.363892" y="46.309509" />
		<center x="27.4790039062" y="48.5133056641" />
		<info url="" text="" />
	</feature>
	<feature id="1010010100020039" shape="0" type="1" name="GIVENCHY" url="">
		<nd x="39.386292" y="50.717102" />
		<nd x="43.795898" y="50.717102" />
		<nd x="43.795898" y="44.285889" />
		<nd x="39.386292" y="44.285889" />
		<center x="41.5911254883" y="47.5015258789" />
		<info url="" text="" />
	</feature>
	<feature id="1010010100020040" shape="0" type="1" name="LANCOME" url="">
		<nd x="46.484131" y="29.133728" />
		<nd x="51.177307" y="29.133728" />
		<nd x="51.177307" y="22.674072" />
		<nd x="46.484131" y="22.674072" />
		<center x="48.8306884766" y="25.9039306641" />
		<info url="" text="" />
	</feature>
	<feature id="1010010100020041" shape="0" type="1" name="GUERLAIN" url="">
		<nd x="53.490479" y="29.196899" />
		<nd x="58.183716" y="29.196899" />
		<nd x="58.183716" y="22.737305" />
		<nd x="53.490479" y="22.737305" />
		<center x="55.837097168" y="25.9671020508" />
		<info url="" text="" />
	</feature>
	<feature id="1010010100020042" shape="0" type="1" name="POLA" url="">
		<nd x="18.449280" y="50.717102" />
		<nd x="23.091675" y="50.717102" />
		<nd x="23.091675" y="46.309509" />
		<nd x="18.449280" y="46.309509" />
		<center x="20.7705078125" y="48.5133056641" />
		<info url="" text="" />
	</feature>
	<feature id="1010010100020043" shape="0" type="1" name="ANNA SUI" url="">
		<nd x="39.379089" y="44.082520" />
		<nd x="43.788513" y="44.082520" />
		<nd x="43.788513" y="38.661316" />
		<nd x="39.379089" y="38.661316" />
		<center x="41.5838012695" y="41.371887207" />
		<info url="" text="" />
	</feature>
	<feature id="1010010100020044" shape="0" type="1" name="CHANEL" url="">
		<nd x="39.413330" y="38.463501" />
		<nd x="43.822876" y="38.463501" />
		<nd x="43.822876" y="33.294922" />
		<nd x="39.413330" y="33.294922" />
		<center x="41.6181030273" y="35.8792114258" />
		<info url="" text="" />
	</feature>
	<feature id="1010010100020045" shape="0" type="1" name="Clinique" url="">
		<nd x="31.891113" y="38.218506" />
		<nd x="36.533325" y="38.218506" />
		<nd x="36.533325" y="31.935486" />
		<nd x="31.891113" y="31.935486" />
		<center x="34.2122192383" y="35.0770263672" />
		<info url="" text="" />
	</feature>
	<feature id="1010010100020046" shape="0" type="1" name="娇韵诗" url="">
		<nd x="25.385681" y="38.218506" />
		<nd x="29.993713" y="38.218506" />
		<nd x="29.993713" y="31.935486" />
		<nd x="25.385681" y="31.935486" />
		<center x="27.6896972656" y="35.0770263672" />
		<info url="" text="" />
	</feature>
	<feature id="1010010100020047" shape="0" type="1" name="Make Up For Ever" url="">
		<nd x="31.856689" y="44.595093" />
		<nd x="36.499084" y="44.595093" />
		<nd x="36.499084" y="39.858887" />
		<nd x="31.856689" y="39.858887" />
		<center x="34.1779174805" y="42.2269897461" />
		<info url="" text="" />
	</feature>
	<feature id="1010010100020048" shape="0" type="1" name="格兰玛弗兰" url="">
		<nd x="25.351501" y="44.595093" />
		<nd x="29.959290" y="44.595093" />
		<nd x="29.959290" y="39.858887" />
		<nd x="25.351501" y="39.858887" />
		<center x="27.6553955078" y="42.2269897461" />
		<info url="" text="" />
	</feature>
	<feature id="1010010100020049" shape="0" type="1" name="贝佳斯" url="">
		<nd x="18.436890" y="44.595093" />
		<nd x="23.079102" y="44.595093" />
		<nd x="23.079102" y="39.821899" />
		<nd x="18.436890" y="39.821899" />
		<center x="20.7579956055" y="42.2084960938" />
		<info url="" text="" />
	</feature>
	<feature id="1010010100020050" shape="0" type="1" name="展台" url="">
		<nd x="26.925903" y="7.035889" />
		<nd x="2.933472" y="7.035889" />
		<nd x="2.933472" y="14.847107" />
		<nd x="16.253113" y="14.847107" />
		<nd x="16.289673" y="19.355896" />
		<nd x="26.925903" y="19.355896" />
		<center x="20.9277954102" y="13.1959228516" />
		<info url="" text="" />
	</feature>
	<feature id="1010010100020051" shape="0" type="1" name="None" url="">
		<nd x="65.737488" y="38.224670" />
		<nd x="69.130676" y="38.224670" />
		<nd x="69.130676" y="31.820923" />
		<nd x="65.737488" y="31.820923" />
		<center x="67.4340820312" y="35.0228271484" />
		<info url="" text="" />
	</feature>
	<feature id="1010010100020052" shape="0" type="1" name="None" url="">
		<nd x="65.890503" y="29.144104" />
		<nd x="69.247498" y="29.144104" />
		<nd x="69.247498" y="22.817078" />
		<nd x="65.890503" y="22.817078" />
		<center x="67.5690307617" y="25.9805908203" />
		<info url="" text="" />
	</feature>
	<feature id="1010010100020053" shape="2" type="2" name="Elevator" url="Elevator.png">
		<nd x="78.555298" y="65.354492" />
		<center x="78.5552978516" y="65.3544921875" />
		<info url="" text="" />
	</feature>
	<feature id="1010010100020054" shape="2" type="2" name="Ask" url="Ask.png">
		<nd x="58.739685" y="63.695496" />
		<center x="58.7396850586" y="63.6954956055" />
		<info url="" text="" />
	</feature>
	<feature id="1010010100020055" shape="2" type="2" name="Escalator" url="Escalator.png">
		<nd x="49.062317" y="41.391479" />
		<center x="49.0623168945" y="41.3914794922" />
		<info url="" text="" />
	</feature>
	<feature id="1010010100020056" shape="2" type="2" name="Elevator" url="Elevator.png">
		<nd x="63.071472" y="13.833679" />
		<center x="63.071472168" y="13.8336791992" />
		<info url="" text="" />
	</feature>
	<feature id="1010010100020057" shape="2" type="2" name="Door" url="Door.png">
		<nd x="36.804077" y="8.764709" />
		<center x="36.8040771484" y="8.76470947266" />
		<info url="" text="" />
	</feature>
	<feature id="1010010100020058" shape="2" type="2" name="Door" url="Door.png">
		<nd x="4.214294" y="31.253113" />
		<center x="4.21429443359" y="31.253112793" />
		<info url="" text="" />
	</feature>
	<feature id="1010010100020059" shape="2" type="2" name="Elevator" url="Elevator.png">
		<nd x="7.953918" y="28.347900" />
		<center x="7.95391845703" y="28.3479003906" />
		<info url="" text="" />
	</feature>
	<feature id="1010010100020060" shape="0" type="2" name="" url="">
		<nd x="77.046509" y="47.357117" />
		<nd x="79.997070" y="47.357117" />
		<nd x="79.997070" y="51.151917" />
		<nd x="84.062500" y="51.151917" />
		<nd x="84.062500" y="37.285706" />
		<nd x="73.458496" y="37.292480" />
		<nd x="73.458496" y="39.964294" />
		<nd x="77.046509" y="39.964294" />
		<center x="80.2611083984" y="43.0700073242" />
		<info url="" text="" />
	</feature>
	<feature id="1010010100020061" shape="0" type="2" name="" url="">
		<nd x="54.196106" y="15.923523" />
		<nd x="65.407715" y="15.923523" />
		<nd x="65.407715" y="7.035889" />
		<nd x="54.196106" y="7.035889" />
		<center x="59.8018798828" y="11.479675293" />
		<info url="" text="" />
	</feature>
	<feature id="1010010100020062" shape="0" type="2" name="" url="">
		<nd x="2.936523" y="30.232483" />
		<nd x="11.685913" y="30.232483" />
		<nd x="11.685913" y="18.618286" />
		<nd x="2.936523" y="18.618286" />
		<center x="7.31121826172" y="24.4254150391" />
		<info url="" text="" />
	</feature>
	<feature id="1010010100020063" shape="0" type="2" name="" url="">
		<nd x="2.972290" y="73.408875" />
		<nd x="16.098877" y="73.408875" />
		<nd x="16.098877" y="66.976685" />
		<nd x="2.972290" y="66.976685" />
		<center x="9.53558349609" y="70.1928100586" />
		<info url="" text="" />
	</feature>
	<feature id="1010010100020064" shape="0" type="2" name="" url="">
		<nd x="51.746521" y="72.907471" />
		<nd x="65.297913" y="72.907471" />
		<nd x="65.297913" y="65.871887" />
		<nd x="51.746521" y="65.871887" />
		<center x="58.5222167969" y="69.3897094727" />
		<info url="" text="" />
	</feature>
	<feature id="1010010100020065" shape="0" type="0" name="" url="">
		<nd x="2.564697" y="73.824280" />
		<nd x="84.553101" y="73.824280" />
		<nd x="84.553101" y="6.570129" />
		<nd x="2.564697" y="6.570129" />
		<center x="43.5588989258" y="40.1972045898" />
		<info url="" text="" />
	</feature>
	<feature id="1010010100020066" shape="0" type="3" name="None" url="">
		<nd x="43.996094" y="45.223328" />
		<nd x="53.758911" y="45.223328" />
		<nd x="53.758911" y="37.857117" />
		<nd x="43.996094" y="37.857117" />
		<center x="48.8775024414" y="41.540222168" />
		<info url="" text="" />
	</feature>
	<feature id="1010010100020067" shape="0" type="3" name="" url="">
		<nd x="43.996094" y="45.223328" />
		<nd x="53.758911" y="45.223328" />
		<nd x="53.758911" y="37.857117" />
		<nd x="43.996094" y="37.857117" />
		<center x="48.8775024414" y="41.540222168" />
		<info url="" text="" />
	</feature>
</floor>
