<floor id="101001010007" location="BaiShengGouWuZhongXin (TaiYangGongDian )" floor="6" north="0.0">
	<feature id="1010010100070000" shape="0" type="1" name="惠葆" url="">
		<nd x="64.262695" y="40.807129" />
		<nd x="64.262695" y="32.620728" />
		<nd x="60.727722" y="32.620728" />
		<nd x="60.727722" y="40.807129" />
		<center x="62.4951782227" y="36.7139282227" />
		<info url="" text="" />
	</feature>
	<feature id="1010010100070001" shape="0" type="1" name="LEGO" url="">
		<nd x="53.791687" y="58.613708" />
		<nd x="59.162109" y="58.613708" />
		<nd x="59.162109" y="51.319702" />
		<nd x="53.791687" y="51.319702" />
		<center x="56.4769287109" y="54.9666748047" />
		<info url="" text="" />
	</feature>
	<feature id="1010010100070002" shape="0" type="1" name="PLORY" url="">
		<nd x="3.388672" y="47.306519" />
		<nd x="12.883118" y="47.306519" />
		<nd x="12.883118" y="39.583679" />
		<nd x="3.388672" y="39.583679" />
		<center x="8.13592529297" y="43.4451293945" />
		<info url="" text="" />
	</feature>
	<feature id="1010010100070003" shape="0" type="1" name="丽婴房" url="">
		<nd x="61.282288" y="58.470886" />
		<nd x="69.039307" y="58.470886" />
		<nd x="69.039307" y="51.009705" />
		<nd x="61.282288" y="51.009705" />
		<center x="65.1608276367" y="54.7402954102" />
		<info url="" text="" />
	</feature>
	<feature id="1010010100070004" shape="0" type="1" name="NIKE KIDS" url="">
		<nd x="84.174683" y="60.627502" />
		<nd x="84.174683" y="55.810303" />
		<nd x="75.291687" y="55.810303" />
		<nd x="75.291687" y="60.627502" />
		<center x="79.733215332" y="58.2188720703" />
		<info url="" text="" />
	</feature>
	<feature id="1010010100070005" shape="0" type="1" name="Barbie" url="">
		<nd x="73.311279" y="50.495117" />
		<nd x="84.174683" y="50.495117" />
		<nd x="84.174683" y="38.632080" />
		<nd x="73.311279" y="38.632080" />
		<center x="78.742980957" y="44.5635986328" />
		<info url="" text="" />
	</feature>
	<feature id="1010010100070006" shape="0" type="1" name="chicco" url="">
		<nd x="60.727722" y="48.257324" />
		<nd x="64.262695" y="48.257324" />
		<nd x="64.262695" y="40.999512" />
		<nd x="60.727722" y="40.999512" />
		<center x="62.4951782227" y="44.6284179688" />
		<info url="" text="" />
	</feature>
	<feature id="1010010100070007" shape="0" type="1" name="canlemon" url="">
		<nd x="68.658081" y="40.807129" />
		<nd x="68.658081" y="32.620728" />
		<nd x="64.464722" y="32.620728" />
		<nd x="64.464722" y="40.807129" />
		<center x="66.5614013672" y="36.7139282227" />
		<info url="" text="" />
	</feature>
	<feature id="1010010100070008" shape="0" type="1" name="Crocs" url="">
		<nd x="53.663879" y="48.229126" />
		<nd x="58.337708" y="48.229126" />
		<nd x="58.337708" y="40.967896" />
		<nd x="53.663879" y="40.967896" />
		<center x="56.000793457" y="44.5985107422" />
		<info url="" text="" />
	</feature>
	<feature id="1010010100070009" shape="0" type="1" name="Selected" url="">
		<nd x="73.272278" y="31.025879" />
		<nd x="82.155701" y="25.893127" />
		<nd x="77.953125" y="19.730713" />
		<nd x="71.309082" y="23.534119" />
		<nd x="72.470703" y="25.453125" />
		<nd x="70.365479" y="27.663879" />
		<nd x="70.271484" y="36.619507" />
		<nd x="73.272278" y="36.619507" />
		<center x="76.2136230469" y="25.0264892578" />
		<info url="" text="" />
	</feature>
	<feature id="1010010100070010" shape="0" type="1" name="By" url="">
		<nd x="64.712708" y="17.437500" />
		<nd x="67.103699" y="17.470520" />
		<nd x="71.153687" y="23.364685" />
		<nd x="77.873474" y="19.558289" />
		<nd x="71.623718" y="10.318298" />
		<nd x="67.549927" y="10.318298" />
		<nd x="67.549927" y="5.393494" />
		<nd x="64.712708" y="5.393494" />
		<center x="70.0427246094" y="15.161315918" />
		<info url="" text="" />
	</feature>
	<feature id="1010010100070011" shape="0" type="1" name="Rapido" url="">
		<nd x="11.830078" y="17.693115" />
		<nd x="26.044495" y="17.693115" />
		<nd x="26.044495" y="5.393494" />
		<nd x="11.830078" y="5.393494" />
		<center x="18.9373168945" y="11.5432739258" />
		<info url="" text="" />
	</feature>
	<feature id="1010010100070012" shape="0" type="1" name="TRENDIANO" url="">
		<nd x="12.403687" y="29.426697" />
		<nd x="19.167480" y="29.426697" />
		<nd x="19.167480" y="19.499512" />
		<nd x="12.403687" y="19.499512" />
		<center x="15.7855834961" y="24.4630737305" />
		<info url="" text="" />
	</feature>
	<feature id="1010010100070013" shape="0" type="1" name="Ozark" url="">
		<nd x="21.114075" y="30.112915" />
		<nd x="33.450684" y="30.112915" />
		<nd x="33.450684" y="24.520508" />
		<nd x="21.114075" y="24.520508" />
		<center x="27.282409668" y="27.3167114258" />
		<info url="" text="" />
	</feature>
	<feature id="1010010100070014" shape="0" type="1" name="blackyak" url="">
		<nd x="21.114075" y="24.333679" />
		<nd x="26.833496" y="24.333679" />
		<nd x="26.833496" y="19.411499" />
		<nd x="21.114075" y="19.411499" />
		<center x="23.973815918" y="21.8726196289" />
		<info url="" text="" />
	</feature>
	<feature id="1010010100070015" shape="0" type="1" name="Jack Wolfskin" url="">
		<nd x="33.691101" y="30.112915" />
		<nd x="40.878113" y="30.112915" />
		<nd x="40.878113" y="24.520508" />
		<nd x="33.691101" y="24.520508" />
		<center x="37.2846069336" y="27.3167114258" />
		<info url="" text="" />
	</feature>
	<feature id="1010010100070016" shape="0" type="1" name="诺诗兰" url="">
		<nd x="27.036499" y="24.333679" />
		<nd x="40.806274" y="24.333679" />
		<nd x="40.806274" y="19.411499" />
		<nd x="27.036499" y="19.411499" />
		<center x="33.9213867188" y="21.8726196289" />
		<info url="" text="" />
	</feature>
	<feature id="1010010100070017" shape="0" type="1" name="HEATWAVE" url="">
		<nd x="15.543274" y="48.996094" />
		<nd x="19.766724" y="48.996094" />
		<nd x="19.766724" y="37.259521" />
		<nd x="15.543274" y="37.259521" />
		<center x="17.6550292969" y="43.1278076172" />
		<info url="" text="" />
	</feature>
	<feature id="1010010100070018" shape="0" type="1" name="浩沙" url="">
		<nd x="15.543274" y="37.065125" />
		<nd x="19.766724" y="37.065125" />
		<nd x="19.766724" y="32.359497" />
		<nd x="15.543274" y="32.359497" />
		<center x="17.6550292969" y="34.7122802734" />
		<info url="" text="" />
	</feature>
	<feature id="1010010100070019" shape="0" type="1" name="TNZI" url="">
		<nd x="19.941528" y="49.061890" />
		<nd x="24.350708" y="49.061890" />
		<nd x="24.350708" y="37.259521" />
		<nd x="19.941528" y="37.259521" />
		<center x="22.1461181641" y="43.1607055664" />
		<info url="" text="" />
	</feature>
	<feature id="1010010100070020" shape="0" type="1" name="NIKE GOLF" url="">
		<nd x="33.898682" y="49.013672" />
		<nd x="40.771301" y="49.013672" />
		<nd x="40.771301" y="40.985291" />
		<nd x="33.898682" y="40.985291" />
		<center x="37.3350219727" y="44.9995117188" />
		<info url="" text="" />
	</feature>
	<feature id="1010010100070021" shape="0" type="1" name="TRENDIANO" url="">
		<nd x="3.388672" y="39.326111" />
		<nd x="12.883118" y="39.326111" />
		<nd x="12.883118" y="30.360718" />
		<nd x="3.388672" y="30.360718" />
		<center x="8.13592529297" y="34.8433837891" />
		<info url="" text="" />
	</feature>
	<feature id="1010010100070022" shape="0" type="1" name="哥伦比亚" url="">
		<nd x="45.823303" y="29.855103" />
		<nd x="58.657898" y="29.855103" />
		<nd x="58.657898" y="24.662903" />
		<nd x="45.823303" y="24.662903" />
		<center x="52.2406005859" y="27.258972168" />
		<info url="" text="" />
	</feature>
	<feature id="1010010100070023" shape="0" type="1" name="Lee" url="">
		<nd x="3.388672" y="53.790894" />
		<nd x="12.883118" y="53.790894" />
		<nd x="12.883118" y="47.541504" />
		<nd x="3.388672" y="47.541504" />
		<center x="8.13592529297" y="50.6661987305" />
		<info url="" text="" />
	</feature>
	<feature id="1010010100070024" shape="0" type="1" name="Fila" url="">
		<nd x="33.898682" y="40.805481" />
		<nd x="40.771301" y="40.805481" />
		<nd x="40.771301" y="32.359497" />
		<nd x="33.898682" y="32.359497" />
		<center x="37.3350219727" y="36.5825195312" />
		<info url="" text="" />
	</feature>
	<feature id="1010010100070025" shape="0" type="1" name="KingKow" url="">
		<nd x="30.483521" y="73.455505" />
		<nd x="36.364502" y="73.455505" />
		<nd x="36.364502" y="61.270508" />
		<nd x="30.483521" y="61.270508" />
		<center x="33.4240112305" y="67.3629760742" />
		<info url="" text="" />
	</feature>
	<feature id="1010010100070026" shape="0" type="1" name="英氏" url="">
		<nd x="64.464722" y="48.183716" />
		<nd x="68.658081" y="48.183716" />
		<nd x="68.658081" y="40.999512" />
		<nd x="64.464722" y="40.999512" />
		<center x="66.5614013672" y="44.5916137695" />
		<info url="" text="" />
	</feature>
	<feature id="1010010100070027" shape="0" type="1" name="m-cro" url="">
		<nd x="53.663879" y="40.677673" />
		<nd x="58.337708" y="40.677673" />
		<nd x="58.337708" y="32.528503" />
		<nd x="53.663879" y="32.528503" />
		<center x="56.000793457" y="36.6030883789" />
		<info url="" text="" />
	</feature>
	<feature id="1010010100070028" shape="0" type="1" name="Speedo" url="">
		<nd x="19.941528" y="37.065125" />
		<nd x="24.350708" y="37.065125" />
		<nd x="24.350708" y="32.359497" />
		<nd x="19.941528" y="32.359497" />
		<center x="22.1461181641" y="34.7122802734" />
		<info url="" text="" />
	</feature>
	<feature id="1010010100070029" shape="0" type="1" name="BANDAI" url="">
		<nd x="47.704895" y="58.529724" />
		<nd x="53.582520" y="58.529724" />
		<nd x="53.582520" y="51.319702" />
		<nd x="47.704895" y="51.319702" />
		<center x="50.6436767578" y="54.9246826172" />
		<info url="" text="" />
	</feature>
	<feature id="1010010100070030" shape="0" type="1" name="adidas kids" url="">
		<nd x="84.174683" y="55.602722" />
		<nd x="84.174683" y="50.770874" />
		<nd x="75.291687" y="50.770874" />
		<nd x="75.291687" y="55.602722" />
		<center x="79.733215332" y="53.1868286133" />
		<info url="" text="" />
	</feature>
	<feature id="1010010100070031" shape="0" type="1" name="KAMINEY" url="">
		<nd x="40.675293" y="58.694092" />
		<nd x="45.848511" y="58.694092" />
		<nd x="45.848511" y="51.319702" />
		<nd x="40.675293" y="51.319702" />
		<center x="43.2619018555" y="55.0068969727" />
		<info url="" text="" />
	</feature>
	<feature id="1010010100070032" shape="0" type="1" name="Twin Kids" url="">
		<nd x="34.470520" y="58.759888" />
		<nd x="40.417297" y="58.759888" />
		<nd x="40.417297" y="51.319702" />
		<nd x="34.470520" y="51.319702" />
		<center x="37.4439086914" y="55.0397949219" />
		<info url="" text="" />
	</feature>
	<feature id="1010010100070033" shape="0" type="1" name="斯乃纳" url="">
		<nd x="29.343872" y="58.820679" />
		<nd x="34.162109" y="58.820679" />
		<nd x="34.162109" y="51.319702" />
		<nd x="29.343872" y="51.319702" />
		<center x="31.7529907227" y="55.0701904297" />
		<info url="" text="" />
	</feature>
	<feature id="1010010100070034" shape="0" type="1" name="Barbie" url="">
		<nd x="21.032104" y="51.088928" />
		<nd x="21.032104" y="54.458130" />
		<nd x="25.007874" y="54.458130" />
		<nd x="29.198730" y="54.471680" />
		<nd x="29.198730" y="51.135681" />
		<nd x="25.007874" y="51.088928" />
		<center x="25.108581543" y="52.7811889648" />
		<info url="" text="" />
	</feature>
	<feature id="1010010100070035" shape="0" type="1" name="DorDor Horse" url="">
		<nd x="20.966675" y="58.825684" />
		<nd x="29.053284" y="58.825684" />
		<nd x="29.053284" y="54.721680" />
		<nd x="20.966675" y="54.721680" />
		<center x="25.0100097656" y="56.7736816406" />
		<info url="" text="" />
	</feature>
	<feature id="1010010100070036" shape="0" type="1" name="Hello Kitty" url="">
		<nd x="3.388672" y="73.455505" />
		<nd x="13.341675" y="73.455505" />
		<nd x="13.341675" y="68.453125" />
		<nd x="9.611694" y="68.453125" />
		<nd x="9.611694" y="66.109680" />
		<nd x="3.388672" y="66.109680" />
		<center x="7.94268798828" y="70.1221923828" />
		<info url="" text="" />
	</feature>
	<feature id="1010010100070037" shape="0" type="1" name="Jeep" url="">
		<nd x="18.471924" y="73.455505" />
		<nd x="24.783325" y="73.455505" />
		<nd x="24.783325" y="61.270508" />
		<nd x="18.471924" y="61.270508" />
		<center x="21.6276245117" y="67.3629760742" />
		<info url="" text="" />
	</feature>
	<feature id="1010010100070038" shape="0" type="1" name="Hallmark" url="">
		<nd x="24.963684" y="73.455505" />
		<nd x="30.235107" y="73.455505" />
		<nd x="30.235107" y="61.270508" />
		<nd x="24.963684" y="61.270508" />
		<center x="27.5994262695" y="67.3629760742" />
		<info url="" text="" />
	</feature>
	<feature id="1010010100070039" shape="0" type="1" name="malimarihome" url="">
		<nd x="36.620300" y="73.455505" />
		<nd x="44.007690" y="73.455505" />
		<nd x="44.007690" y="61.270508" />
		<nd x="36.620300" y="61.270508" />
		<center x="40.3140258789" y="67.3629760742" />
		<info url="" text="" />
	</feature>
	<feature id="1010010100070040" shape="0" type="1" name="BEEN KID'S" url="">
		<nd x="44.259888" y="73.455505" />
		<nd x="51.683105" y="73.455505" />
		<nd x="51.683105" y="61.270508" />
		<nd x="44.259888" y="61.270508" />
		<center x="47.971496582" y="67.3629760742" />
		<info url="" text="" />
	</feature>
	<feature id="1010010100070041" shape="0" type="1" name="M.TT" url="">
		<nd x="54.159119" y="73.455505" />
		<nd x="63.196289" y="73.455505" />
		<nd x="63.196289" y="61.270508" />
		<nd x="54.159119" y="61.270508" />
		<center x="58.6776733398" y="67.3629760742" />
		<info url="" text="" />
	</feature>
	<feature id="1010010100070042" shape="0" type="1" name="芙儿优" url="">
		<nd x="63.484314" y="73.455505" />
		<nd x="76.521729" y="73.455505" />
		<nd x="76.521729" y="70.823120" />
		<nd x="71.086914" y="65.684082" />
		<nd x="71.086914" y="61.270508" />
		<nd x="63.484314" y="61.270508" />
		<center x="68.7052001953" y="68.1298828125" />
		<info url="" text="" />
	</feature>
	<feature id="1010010100070043" shape="0" type="1" name="adidas" url="">
		<nd x="26.223877" y="17.676086" />
		<nd x="39.581726" y="17.676086" />
		<nd x="39.581726" y="5.393494" />
		<nd x="26.223877" y="5.393494" />
		<center x="32.9027709961" y="11.5347900391" />
		<info url="" text="" />
	</feature>
	<feature id="1010010100070044" shape="0" type="1" name="Nike" url="">
		<nd x="39.817688" y="17.676086" />
		<nd x="53.106689" y="17.676086" />
		<nd x="53.106689" y="5.393494" />
		<nd x="39.817688" y="5.393494" />
		<center x="46.4622192383" y="11.5347900391" />
		<info url="" text="" />
	</feature>
	<feature id="1010010100070045" shape="0" type="1" name="kingcamp" url="">
		<nd x="45.840088" y="24.485474" />
		<nd x="58.674927" y="24.485474" />
		<nd x="58.674927" y="19.293274" />
		<nd x="45.840088" y="19.293274" />
		<center x="52.2575073242" y="21.8894042969" />
		<info url="" text="" />
	</feature>
	<feature id="1010010100070046" shape="0" type="1" name="kolon sport" url="">
		<nd x="58.851318" y="29.856873" />
		<nd x="66.234314" y="29.856873" />
		<nd x="66.234314" y="24.664673" />
		<nd x="58.851318" y="24.664673" />
		<center x="62.5427856445" y="27.2608032227" />
		<info url="" text="" />
	</feature>
	<feature id="1010010100070047" shape="0" type="1" name="MANGROVE" url="">
		<nd x="58.868286" y="24.487305" />
		<nd x="66.251282" y="24.487305" />
		<nd x="66.251282" y="19.295105" />
		<nd x="58.868286" y="19.295105" />
		<center x="62.5598144531" y="21.8911743164" />
		<info url="" text="" />
	</feature>
	<feature id="1010010100070048" shape="0" type="1" name="Mizuno" url="">
		<nd x="26.955322" y="48.995483" />
		<nd x="33.711487" y="48.995483" />
		<nd x="33.711487" y="40.967102" />
		<nd x="26.955322" y="40.967102" />
		<center x="30.3333740234" y="44.9813232422" />
		<info url="" text="" />
	</feature>
	<feature id="1010010100070049" shape="0" type="1" name="OSIM" url="">
		<nd x="26.955322" y="40.787109" />
		<nd x="33.711487" y="40.787109" />
		<nd x="33.711487" y="32.359497" />
		<nd x="26.955322" y="32.359497" />
		<center x="30.3333740234" y="36.5733032227" />
		<info url="" text="" />
	</feature>
	<feature id="1010010100070050" shape="0" type="1" name="洪恩朗读者" url="">
		<nd x="73.776672" y="58.210510" />
		<nd x="73.776672" y="52.059875" />
		<nd x="71.195923" y="52.059875" />
		<nd x="71.195923" y="58.210510" />
		<center x="72.486328125" y="55.1351928711" />
		<info url="" text="" />
	</feature>
	<feature id="1010010100070051" shape="2" type="2" name="Ask" url="Ask.png">
		<nd x="10.520691" y="71.148499" />
		<center x="10.520690918" y="71.1484985352" />
		<info url="" text="" />
	</feature>
	<feature id="1010010100070052" shape="2" type="2" name="Elevator" url="Elevator.png">
		<nd x="9.155273" y="16.428711" />
		<center x="9.1552734375" y="16.4287109375" />
		<info url="" text="" />
	</feature>
	<feature id="1010010100070053" shape="2" type="2" name="Elevator" url="Elevator.png">
		<nd x="61.564270" y="12.437683" />
		<center x="61.5642700195" y="12.4376831055" />
		<info url="" text="" />
	</feature>
	<feature id="1010010100070054" shape="2" type="2" name="Escalator" url="Escalator.png">
		<nd x="50.326477" y="39.324890" />
		<center x="50.3264770508" y="39.3248901367" />
		<info url="" text="" />
	</feature>
	<feature id="1010010100070055" shape="0" type="2" name="" url="">
		<nd x="67.757874" y="5.409485" />
		<nd x="67.757874" y="10.098511" />
		<nd x="71.720703" y="10.098511" />
		<nd x="82.393311" y="25.931519" />
		<nd x="73.433289" y="31.122925" />
		<nd x="73.433289" y="36.619507" />
		<nd x="84.174683" y="36.619507" />
		<nd x="84.174683" y="5.409485" />
		<center x="80.0704956055" y="13.9476928711" />
		<info url="" text="" />
	</feature>
	<feature id="1010010100070056" shape="0" type="2" name="" url="">
		<nd x="64.520081" y="13.878296" />
		<nd x="64.520081" y="5.381897" />
		<nd x="53.303284" y="5.381897" />
		<nd x="53.303284" y="17.604919" />
		<nd x="56.925293" y="17.604919" />
		<nd x="56.925293" y="13.878296" />
		<center x="58.9116821289" y="9.63012695312" />
		<info url="" text="" />
	</feature>
	<feature id="1010010100070057" shape="0" type="2" name="" url="">
		<nd x="13.531921" y="73.455505" />
		<nd x="18.262878" y="73.455505" />
		<nd x="18.262878" y="68.838684" />
		<nd x="13.531921" y="68.838684" />
		<center x="15.8973999023" y="71.1470947266" />
		<info url="" text="" />
	</feature>
	<feature id="1010010100070058" shape="0" type="2" name="" url="">
		<nd x="16.075073" y="56.050476" />
		<nd x="3.388672" y="56.050476" />
		<nd x="3.388672" y="65.867310" />
		<nd x="16.075073" y="65.867310" />
		<center x="9.73187255859" y="60.9589233398" />
		<info url="" text="" />
	</feature>
	<feature id="1010010100070059" shape="0" type="2" name="" url="">
		<nd x="12.176514" y="20.081482" />
		<nd x="3.388672" y="20.081482" />
		<nd x="3.388672" y="30.156677" />
		<nd x="12.176514" y="30.156677" />
		<center x="7.78259277344" y="25.1190795898" />
		<info url="" text="" />
	</feature>
	<feature id="1010010100070060" shape="0" type="2" name="" url="">
		<nd x="11.602722" y="5.393494" />
		<nd x="3.388672" y="5.393494" />
		<nd x="3.388672" y="17.581299" />
		<nd x="11.602722" y="17.581299" />
		<center x="7.49572753906" y="11.4874267578" />
		<info url="" text="" />
	</feature>
	<feature id="1010010100070061" shape="0" type="0" name="" url="">
		<nd x="2.886902" y="73.795105" />
		<nd x="76.861877" y="73.795105" />
		<nd x="78.548279" y="72.146729" />
		<nd x="78.557312" y="72.146729" />
		<nd x="78.561523" y="72.146484" />
		<nd x="78.566528" y="72.146484" />
		<nd x="78.572083" y="72.146301" />
		<nd x="78.578491" y="72.146301" />
		<nd x="78.585327" y="72.146118" />
		<nd x="78.593079" y="72.145874" />
		<nd x="78.601318" y="72.145691" />
		<nd x="78.610291" y="72.145508" />
		<nd x="78.619873" y="72.145081" />
		<nd x="78.629883" y="72.144897" />
		<nd x="78.640686" y="72.144470" />
		<nd x="78.652100" y="72.144104" />
		<nd x="78.663879" y="72.143677" />
		<nd x="78.676514" y="72.143127" />
		<nd x="78.689514" y="72.142700" />
		<nd x="78.703125" y="72.142090" />
		<nd x="78.717102" y="72.141479" />
		<nd x="78.731689" y="72.140930" />
		<nd x="78.746704" y="72.140076" />
		<nd x="78.762085" y="72.139282" />
		<nd x="78.778076" y="72.138489" />
		<nd x="78.794495" y="72.137695" />
		<nd x="78.811279" y="72.136719" />
		<nd x="78.828674" y="72.135681" />
		<nd x="78.846313" y="72.134705" />
		<nd x="78.864319" y="72.133484" />
		<nd x="78.882874" y="72.132507" />
		<nd x="78.901489" y="72.131104" />
		<nd x="78.920715" y="72.129883" />
		<nd x="78.940308" y="72.128479" />
		<nd x="78.960083" y="72.127075" />
		<nd x="79.000488" y="72.123901" />
		<nd x="79.021301" y="72.122070" />
		<nd x="79.042297" y="72.120300" />
		<nd x="79.063477" y="72.118530" />
		<nd x="79.084900" y="72.116516" />
		<nd x="79.106689" y="72.114502" />
		<nd x="79.128479" y="72.112305" />
		<nd x="79.172913" y="72.107910" />
		<nd x="79.195312" y="72.105530" />
		<nd x="79.218079" y="72.102905" />
		<nd x="79.240723" y="72.100281" />
		<nd x="79.263672" y="72.097717" />
		<nd x="79.286682" y="72.094910" />
		<nd x="79.309875" y="72.091919" />
		<nd x="79.332886" y="72.088928" />
		<nd x="79.356323" y="72.085876" />
		<nd x="79.379700" y="72.082703" />
		<nd x="79.403076" y="72.079285" />
		<nd x="79.426514" y="72.075928" />
		<nd x="79.449890" y="72.072327" />
		<nd x="79.473511" y="72.068726" />
		<nd x="79.496887" y="72.064880" />
		<nd x="79.520325" y="72.060913" />
		<nd x="79.543701" y="72.056885" />
		<nd x="79.567078" y="72.052673" />
		<nd x="79.590515" y="72.048523" />
		<nd x="79.613708" y="72.044128" />
		<nd x="79.636902" y="72.039490" />
		<nd x="79.659912" y="72.034912" />
		<nd x="79.682922" y="72.030090" />
		<nd x="79.705688" y="72.025085" />
		<nd x="79.728271" y="72.020081" />
		<nd x="79.750916" y="72.014893" />
		<nd x="79.773315" y="72.009521" />
		<nd x="79.795288" y="72.003906" />
		<nd x="79.817322" y="71.998291" />
		<nd x="79.839111" y="71.992493" />
		<nd x="79.860718" y="71.986511" />
		<nd x="79.882080" y="71.980530" />
		<nd x="79.903076" y="71.974304" />
		<nd x="79.923889" y="71.967896" />
		<nd x="79.944275" y="71.961304" />
		<nd x="79.964478" y="71.954529" />
		<nd x="79.984497" y="71.947693" />
		<nd x="80.004089" y="71.940674" />
		<nd x="80.023315" y="71.933472" />
		<nd x="80.042297" y="71.926086" />
		<nd x="80.060913" y="71.918701" />
		<nd x="80.079102" y="71.910889" />
		<nd x="80.096924" y="71.903076" />
		<nd x="80.114319" y="71.895081" />
		<nd x="80.131287" y="71.886902" />
		<nd x="80.147888" y="71.878479" />
		<nd x="80.163879" y="71.869873" />
		<nd x="80.179688" y="71.861084" />
		<nd x="80.194885" y="71.852295" />
		<nd x="80.209717" y="71.843079" />
		<nd x="80.223877" y="71.833679" />
		<nd x="80.237488" y="71.824280" />
		<nd x="80.250671" y="71.814697" />
		<nd x="80.263489" y="71.804688" />
		<nd x="80.286926" y="71.785522" />
		<nd x="80.309875" y="71.766113" />
		<nd x="80.332275" y="71.746277" />
		<nd x="80.354492" y="71.726074" />
		<nd x="80.375916" y="71.705688" />
		<nd x="80.396912" y="71.685120" />
		<nd x="80.417480" y="71.664307" />
		<nd x="80.437683" y="71.643127" />
		<nd x="80.457275" y="71.621704" />
		<nd x="80.476501" y="71.600281" />
		<nd x="80.495117" y="71.578491" />
		<nd x="80.513489" y="71.556519" />
		<nd x="80.531311" y="71.534302" />
		<nd x="80.548523" y="71.511902" />
		<nd x="80.565491" y="71.489319" />
		<nd x="80.582092" y="71.466675" />
		<nd x="80.598083" y="71.443909" />
		<nd x="80.613892" y="71.420898" />
		<nd x="80.629089" y="71.397888" />
		<nd x="80.644104" y="71.374695" />
		<nd x="80.658508" y="71.351318" />
		<nd x="80.672485" y="71.327881" />
		<nd x="80.686279" y="71.304321" />
		<nd x="80.699707" y="71.280884" />
		<nd x="80.712524" y="71.257080" />
		<nd x="80.725098" y="71.233521" />
		<nd x="80.737305" y="71.209717" />
		<nd x="80.749084" y="71.185913" />
		<nd x="80.760681" y="71.162109" />
		<nd x="80.771729" y="71.138306" />
		<nd x="80.782471" y="71.114502" />
		<nd x="80.793091" y="71.090515" />
		<nd x="80.803101" y="71.066711" />
		<nd x="80.812927" y="71.042908" />
		<nd x="80.822327" y="71.019287" />
		<nd x="80.831482" y="70.995483" />
		<nd x="80.840271" y="70.971924" />
		<nd x="80.848877" y="70.948303" />
		<nd x="80.857117" y="70.924683" />
		<nd x="80.864929" y="70.901306" />
		<nd x="80.872681" y="70.877930" />
		<nd x="80.879883" y="70.854675" />
		<nd x="80.887085" y="70.831482" />
		<nd x="80.893921" y="70.808716" />
		<nd x="80.900330" y="70.785706" />
		<nd x="80.906677" y="70.763123" />
		<nd x="80.912476" y="70.740479" />
		<nd x="80.918274" y="70.718079" />
		<nd x="80.923889" y="70.695923" />
		<nd x="80.929077" y="70.673889" />
		<nd x="80.934082" y="70.652100" />
		<nd x="80.938904" y="70.630493" />
		<nd x="80.943481" y="70.609131" />
		<nd x="80.947876" y="70.587891" />
		<nd x="80.951904" y="70.567078" />
		<nd x="80.955688" y="70.546326" />
		<nd x="80.959473" y="70.525879" />
		<nd x="80.963074" y="70.505676" />
		<nd x="80.966309" y="70.485901" />
		<nd x="80.969482" y="70.466309" />
		<nd x="80.972473" y="70.447083" />
		<nd x="80.975281" y="70.428101" />
		<nd x="80.977722" y="70.409485" />
		<nd x="80.980286" y="70.391113" />
		<nd x="80.982483" y="70.373108" />
		<nd x="80.984497" y="70.355530" />
		<nd x="80.986511" y="70.338318" />
		<nd x="80.988281" y="70.321289" />
		<nd x="80.990112" y="70.304688" />
		<nd x="80.991516" y="70.288696" />
		<nd x="80.992920" y="70.272888" />
		<nd x="80.994324" y="70.257690" />
		<nd x="80.995483" y="70.242676" />
		<nd x="80.996521" y="70.228271" />
		<nd x="80.997498" y="70.214294" />
		<nd x="80.998291" y="70.200684" />
		<nd x="80.999084" y="70.187683" />
		<nd x="80.999695" y="70.174927" />
		<nd x="81.000305" y="70.162903" />
		<nd x="81.000671" y="70.151123" />
		<nd x="81.001099" y="70.140076" />
		<nd x="81.001526" y="70.129272" />
		<nd x="81.001709" y="70.119324" />
		<nd x="81.002075" y="70.109680" />
		<nd x="81.002075" y="70.100708" />
		<nd x="81.002319" y="70.092285" />
		<nd x="81.002319" y="70.049316" />
		<nd x="81.002075" y="70.045471" />
		<nd x="81.002075" y="70.041321" />
		<nd x="81.002319" y="70.037476" />
		<nd x="81.006897" y="70.036682" />
		<nd x="81.011719" y="70.036072" />
		<nd x="81.016113" y="70.035706" />
		<nd x="81.021118" y="70.035095" />
		<nd x="81.026672" y="70.034485" />
		<nd x="81.033081" y="70.033875" />
		<nd x="81.040283" y="70.033081" />
		<nd x="81.048096" y="70.032288" />
		<nd x="81.056519" y="70.031311" />
		<nd x="81.065491" y="70.030273" />
		<nd x="81.075317" y="70.029297" />
		<nd x="81.085510" y="70.028076" />
		<nd x="81.096497" y="70.026672" />
		<nd x="81.108093" y="70.025513" />
		<nd x="81.120117" y="70.023926" />
		<nd x="81.132874" y="70.022522" />
		<nd x="81.145874" y="70.020874" />
		<nd x="81.159729" y="70.019104" />
		<nd x="81.174072" y="70.017273" />
		<nd x="81.188904" y="70.015320" />
		<nd x="81.204102" y="70.013306" />
		<nd x="81.219910" y="70.011108" />
		<nd x="81.236084" y="70.008911" />
		<nd x="81.252930" y="70.006531" />
		<nd x="81.270081" y="70.004089" />
		<nd x="81.287476" y="70.001526" />
		<nd x="81.305481" y="69.998901" />
		<nd x="81.323914" y="69.996277" />
		<nd x="81.342712" y="69.993286" />
		<nd x="81.361877" y="69.990479" />
		<nd x="81.381287" y="69.987305" />
		<nd x="81.401123" y="69.984131" />
		<nd x="81.421326" y="69.980896" />
		<nd x="81.441895" y="69.977478" />
		<nd x="81.462708" y="69.974121" />
		<nd x="81.483704" y="69.970520" />
		<nd x="81.505127" y="69.966675" />
		<nd x="81.526672" y="69.962891" />
		<nd x="81.548706" y="69.958923" />
		<nd x="81.570679" y="69.954895" />
		<nd x="81.593079" y="69.950684" />
		<nd x="81.615479" y="69.946289" />
		<nd x="81.638306" y="69.941895" />
		<nd x="81.661316" y="69.937500" />
		<nd x="81.684326" y="69.932678" />
		<nd x="81.707520" y="69.927917" />
		<nd x="81.731079" y="69.923096" />
		<nd x="81.754517" y="69.918091" />
		<nd x="81.778076" y="69.912903" />
		<nd x="81.801880" y="69.907471" />
		<nd x="81.825684" y="69.902283" />
		<nd x="81.849487" y="69.896729" />
		<nd x="81.873474" y="69.890930" />
		<nd x="81.897278" y="69.885071" />
		<nd x="81.921326" y="69.879272" />
		<nd x="81.945496" y="69.873291" />
		<nd x="81.969482" y="69.867126" />
		<nd x="81.993530" y="69.860718" />
		<nd x="82.017517" y="69.854309" />
		<nd x="82.041321" y="69.847717" />
		<nd x="82.065308" y="69.840881" />
		<nd x="82.089111" y="69.834106" />
		<nd x="82.112915" y="69.827087" />
		<nd x="82.136475" y="69.819885" />
		<nd x="82.160095" y="69.812683" />
		<nd x="82.183472" y="69.805115" />
		<nd x="82.206726" y="69.797485" />
		<nd x="82.229919" y="69.789917" />
		<nd x="82.252930" y="69.782104" />
		<nd x="82.275696" y="69.774109" />
		<nd x="82.298279" y="69.765930" />
		<nd x="82.320679" y="69.757690" />
		<nd x="82.342896" y="69.749084" />
		<nd x="82.364929" y="69.740479" />
		<nd x="82.386475" y="69.731689" />
		<nd x="82.408081" y="69.722900" />
		<nd x="82.429321" y="69.713928" />
		<nd x="82.450073" y="69.704712" />
		<nd x="82.470703" y="69.695312" />
		<nd x="82.491089" y="69.685730" />
		<nd x="82.511108" y="69.676086" />
		<nd x="82.530701" y="69.666321" />
		<nd x="82.549927" y="69.656311" />
		<nd x="82.568726" y="69.646118" />
		<nd x="82.587280" y="69.635925" />
		<nd x="82.605530" y="69.625488" />
		<nd x="82.623108" y="69.614685" />
		<nd x="82.640503" y="69.603882" />
		<nd x="82.657288" y="69.593079" />
		<nd x="82.673706" y="69.581909" />
		<nd x="82.689697" y="69.570679" />
		<nd x="82.705078" y="69.559082" />
		<nd x="82.720093" y="69.547485" />
		<nd x="82.734497" y="69.535706" />
		<nd x="82.748474" y="69.523682" />
		<nd x="82.761902" y="69.511719" />
		<nd x="82.785706" y="69.489075" />
		<nd x="82.808716" y="69.466492" />
		<nd x="82.831116" y="69.443481" />
		<nd x="82.852905" y="69.420288" />
		<nd x="82.873901" y="69.396729" />
		<nd x="82.894287" y="69.373291" />
		<nd x="82.914124" y="69.349487" />
		<nd x="82.933289" y="69.325500" />
		<nd x="82.951904" y="69.301331" />
		<nd x="82.969727" y="69.276917" />
		<nd x="82.987122" y="69.252502" />
		<nd x="83.003906" y="69.227905" />
		<nd x="83.020081" y="69.203125" />
		<nd x="83.035706" y="69.178284" />
		<nd x="83.050720" y="69.153320" />
		<nd x="83.065125" y="69.128296" />
		<nd x="83.079102" y="69.103088" />
		<nd x="83.092529" y="69.077698" />
		<nd x="83.105286" y="69.052490" />
		<nd x="83.117676" y="69.027100" />
		<nd x="83.129517" y="69.001526" />
		<nd x="83.140930" y="68.976074" />
		<nd x="83.151672" y="68.950500" />
		<nd x="83.162109" y="68.924927" />
		<nd x="83.172119" y="68.899292" />
		<nd x="83.181519" y="68.873718" />
		<nd x="83.190491" y="68.848083" />
		<nd x="83.198914" y="68.822510" />
		<nd x="83.207092" y="68.796875" />
		<nd x="83.214722" y="68.771484" />
		<nd x="83.222107" y="68.745911" />
		<nd x="83.228882" y="68.720520" />
		<nd x="83.235291" y="68.695129" />
		<nd x="83.241272" y="68.669922" />
		<nd x="83.247070" y="68.644470" />
		<nd x="83.252319" y="68.619507" />
		<nd x="83.257324" y="68.594299" />
		<nd x="83.261902" y="68.569519" />
		<nd x="83.266113" y="68.544678" />
		<nd x="83.269897" y="68.519897" />
		<nd x="83.273499" y="68.495300" />
		<nd x="83.276672" y="68.470886" />
		<nd x="83.279724" y="68.446472" />
		<nd x="83.282288" y="68.422485" />
		<nd x="83.284729" y="68.398499" />
		<nd x="83.286682" y="68.374878" />
		<nd x="83.288513" y="68.351318" />
		<nd x="83.289917" y="68.327881" />
		<nd x="83.291321" y="68.304688" />
		<nd x="83.292297" y="68.281677" />
		<nd x="83.293091" y="68.259094" />
		<nd x="83.293518" y="68.236694" />
		<nd x="83.293884" y="68.214478" />
		<nd x="83.293884" y="68.170898" />
		<nd x="83.293518" y="68.149475" />
		<nd x="83.293091" y="68.128296" />
		<nd x="83.292480" y="68.107483" />
		<nd x="83.291687" y="68.087097" />
		<nd x="83.290710" y="68.066895" />
		<nd x="83.289490" y="68.046875" />
		<nd x="83.288330" y="68.027527" />
		<nd x="83.286926" y="68.008301" />
		<nd x="83.285278" y="67.989502" />
		<nd x="83.283691" y="67.970886" />
		<nd x="83.282104" y="67.952881" />
		<nd x="83.280273" y="67.935303" />
		<nd x="83.278320" y="67.917908" />
		<nd x="83.276306" y="67.900879" />
		<nd x="83.274292" y="67.884521" />
		<nd x="83.272095" y="67.868530" />
		<nd x="83.269897" y="67.852905" />
		<nd x="83.267700" y="67.837708" />
		<nd x="83.265503" y="67.822876" />
		<nd x="83.263306" y="67.808716" />
		<nd x="83.260925" y="67.794678" />
		<nd x="83.258728" y="67.781494" />
		<nd x="83.256287" y="67.768677" />
		<nd x="83.254089" y="67.756287" />
		<nd x="83.251892" y="67.744507" />
		<nd x="83.249695" y="67.733093" />
		<nd x="83.247498" y="67.722473" />
		<nd x="83.245483" y="67.712097" />
		<nd x="83.243286" y="67.702515" />
		<nd x="83.241272" y="67.693298" />
		<nd x="83.239502" y="67.684692" />
		<nd x="83.237671" y="67.676697" />
		<nd x="83.235901" y="67.669312" />
		<nd x="83.234314" y="67.662476" />
		<nd x="83.232727" y="67.656311" />
		<nd x="83.231323" y="67.650696" />
		<nd x="83.230103" y="67.645691" />
		<nd x="83.228882" y="67.641296" />
		<nd x="83.228088" y="67.637695" />
		<nd x="83.226929" y="67.633301" />
		<nd x="83.225891" y="67.629700" />
		<nd x="84.660278" y="66.739075" />
		<nd x="84.660278" y="4.945923" />
		<nd x="2.886902" y="4.945923" />
		<center x="43.6041870117" y="39.2285766602" />
		<info url="" text="" />
	</feature>
	<feature id="1010010100070062" shape="0" type="3" name="" url="">
		<nd x="44.310303" y="44.380127" />
		<nd x="53.407715" y="44.380127" />
		<nd x="53.407715" y="33.896118" />
		<nd x="44.310303" y="33.896118" />
		<center x="48.8590087891" y="39.1381225586" />
		<info url="" text="" />
	</feature>
</floor>
