<floor id="101001010006" location="BaiShengGouWuZhongXin (TaiYangGongDian )" floor="5" north="0.0">
	<feature id="1010010100060000" shape="0" type="1" name="TOOK'S" url="">
		<nd x="3.383484" y="46.261475" />
		<nd x="14.029297" y="46.261475" />
		<nd x="14.029297" y="39.701904" />
		<nd x="3.383484" y="39.701904" />
		<center x="8.70642089844" y="42.9816894531" />
		<info url="" text="" />
	</feature>
	<feature id="1010010100060001" shape="0" type="1" name="HILLY" url="">
		<nd x="58.036316" y="49.155518" />
		<nd x="58.036316" y="44.992310" />
		<nd x="54.035889" y="44.992310" />
		<nd x="54.035889" y="49.155518" />
		<center x="56.0360717773" y="47.0739135742" />
		<info url="" text="" />
	</feature>
	<feature id="1010010100060002" shape="0" type="1" name="WHAT FOR" url="">
		<nd x="53.832275" y="31.009888" />
		<nd x="57.863525" y="31.009888" />
		<nd x="57.863525" y="26.989075" />
		<nd x="53.832275" y="26.989075" />
		<center x="55.8479003906" y="28.9995117188" />
		<info url="" text="" />
	</feature>
	<feature id="1010010100060003" shape="0" type="1" name="Ara" url="">
		<nd x="65.048889" y="36.693909" />
		<nd x="73.831116" y="36.693909" />
		<nd x="73.831116" y="31.685913" />
		<nd x="65.048889" y="31.685913" />
		<center x="69.4400024414" y="34.1898803711" />
		<info url="" text="" />
	</feature>
	<feature id="1010010100060004" shape="0" type="1" name="富贵鸟" url="">
		<nd x="20.915527" y="31.173096" />
		<nd x="25.046082" y="31.173096" />
		<nd x="25.046082" y="22.778076" />
		<nd x="20.915527" y="22.778076" />
		<center x="22.9807739258" y="26.9755859375" />
		<info url="" text="" />
	</feature>
	<feature id="1010010100060005" shape="0" type="1" name="诺贝达" url="">
		<nd x="12.359680" y="29.649902" />
		<nd x="18.244873" y="29.649902" />
		<nd x="18.244873" y="24.722473" />
		<nd x="12.359680" y="24.722473" />
		<center x="15.3023071289" y="27.1862182617" />
		<info url="" text="" />
	</feature>
	<feature id="1010010100060006" shape="0" type="1" name="哥雷夫" url="">
		<nd x="16.431274" y="45.431702" />
		<nd x="16.431274" y="49.810486" />
		<nd x="22.986877" y="49.810486" />
		<nd x="22.986877" y="41.546509" />
		<nd x="16.475708" y="41.546509" />
		<center x="19.7142944336" y="45.6829833984" />
		<info url="" text="" />
	</feature>
	<feature id="1010010100060007" shape="0" type="1" name="FUNNCHY" url="">
		<nd x="35.981079" y="49.771484" />
		<nd x="35.981079" y="39.384521" />
		<nd x="31.634277" y="39.384521" />
		<nd x="31.634277" y="49.771484" />
		<center x="33.8076782227" y="44.5780029297" />
		<info url="" text="" />
	</feature>
	<feature id="1010010100060008" shape="0" type="1" name="雅乐士" url="">
		<nd x="20.407288" y="60.269287" />
		<nd x="29.077087" y="60.269287" />
		<nd x="29.077087" y="56.166077" />
		<nd x="20.407288" y="56.166077" />
		<center x="24.7421875" y="58.2177124023" />
		<info url="" text="" />
	</feature>
	<feature id="1010010100060009" shape="0" type="1" name="Republic &amp; Co." url="">
		<nd x="31.299316" y="60.269287" />
		<nd x="38.248901" y="60.269287" />
		<nd x="38.248901" y="56.170471" />
		<nd x="31.299316" y="56.170471" />
		<center x="34.7741088867" y="58.219909668" />
		<info url="" text="" />
	</feature>
	<feature id="1010010100060010" shape="0" type="1" name="金利来" url="">
		<nd x="48.261902" y="60.269287" />
		<nd x="53.085693" y="60.269287" />
		<nd x="53.085693" y="52.003906" />
		<nd x="48.261902" y="52.003906" />
		<center x="50.673828125" y="56.1365966797" />
		<info url="" text="" />
	</feature>
	<feature id="1010010100060011" shape="0" type="1" name="圣伽步" url="">
		<nd x="32.389709" y="72.724915" />
		<nd x="37.188110" y="72.724915" />
		<nd x="37.188110" y="62.538086" />
		<nd x="32.389709" y="62.538086" />
		<center x="34.7888793945" y="67.6315307617" />
		<info url="" text="" />
	</feature>
	<feature id="1010010100060012" shape="0" type="1" name="HARSON" url="">
		<nd x="37.454102" y="72.724915" />
		<nd x="44.002686" y="72.724915" />
		<nd x="44.002686" y="62.538086" />
		<nd x="37.454102" y="62.538086" />
		<center x="40.7283935547" y="67.6315307617" />
		<info url="" text="" />
	</feature>
	<feature id="1010010100060013" shape="0" type="1" name="GEOX" url="">
		<nd x="44.193481" y="65.626099" />
		<nd x="52.969299" y="65.626099" />
		<nd x="52.969299" y="62.538086" />
		<nd x="44.193481" y="62.538086" />
		<center x="48.5814208984" y="64.0820922852" />
		<info url="" text="" />
	</feature>
	<feature id="1010010100060014" shape="0" type="1" name="Hogl" url="">
		<nd x="55.536682" y="65.626099" />
		<nd x="64.581726" y="65.626099" />
		<nd x="64.581726" y="62.538086" />
		<nd x="55.536682" y="62.538086" />
		<center x="60.0592041016" y="64.0820922852" />
		<info url="" text="" />
	</feature>
	<feature id="1010010100060015" shape="0" type="1" name="ECCO" url="">
		<nd x="64.760681" y="52.605286" />
		<nd x="73.865295" y="52.605286" />
		<nd x="73.865295" y="46.720520" />
		<nd x="64.760681" y="46.720520" />
		<center x="69.3129882812" y="49.662902832" />
		<info url="" text="" />
	</feature>
	<feature id="1010010100060016" shape="0" type="1" name="24HRS" url="">
		<nd x="64.760681" y="46.518494" />
		<nd x="73.865295" y="46.518494" />
		<nd x="73.865295" y="39.290527" />
		<nd x="64.760681" y="39.290527" />
		<center x="69.3129882812" y="42.9044799805" />
		<info url="" text="" />
	</feature>
	<feature id="1010010100060017" shape="0" type="1" name="Bata" url="">
		<nd x="64.760681" y="65.626099" />
		<nd x="73.865295" y="65.626099" />
		<nd x="73.865295" y="58.732117" />
		<nd x="64.760681" y="58.732117" />
		<center x="69.3129882812" y="62.1790771484" />
		<info url="" text="" />
	</feature>
	<feature id="1010010100060018" shape="0" type="1" name="Clarks" url="">
		<nd x="64.760681" y="58.544678" />
		<nd x="73.865295" y="58.544678" />
		<nd x="73.865295" y="52.772522" />
		<nd x="64.760681" y="52.772522" />
		<center x="69.3129882812" y="55.6586303711" />
		<info url="" text="" />
	</feature>
	<feature id="1010010100060019" shape="0" type="1" name="POWER LAND" url="">
		<nd x="42.985474" y="29.484497" />
		<nd x="46.227295" y="29.484497" />
		<nd x="46.227295" y="23.077698" />
		<nd x="42.985474" y="23.077698" />
		<center x="44.6063842773" y="26.2811279297" />
		<info url="" text="" />
	</feature>
	<feature id="1010010100060020" shape="0" type="1" name="红客" url="">
		<nd x="25.285522" y="31.173096" />
		<nd x="29.416321" y="31.173096" />
		<nd x="29.416321" y="22.778076" />
		<nd x="25.285522" y="22.778076" />
		<center x="27.3508911133" y="26.9755859375" />
		<info url="" text="" />
	</feature>
	<feature id="1010010100060021" shape="0" type="1" name="TIBAO AUCHEHO" url="">
		<nd x="20.404480" y="55.973877" />
		<nd x="29.074524" y="55.973877" />
		<nd x="29.074524" y="52.003906" />
		<nd x="20.404480" y="52.003906" />
		<center x="24.7395019531" y="53.9888916016" />
		<info url="" text="" />
	</feature>
	<feature id="1010010100060022" shape="0" type="1" name="尔贝琳" url="">
		<nd x="31.267090" y="55.973877" />
		<nd x="38.248901" y="55.973877" />
		<nd x="38.248901" y="52.003906" />
		<nd x="31.267090" y="52.003906" />
		<center x="34.7579956055" y="53.9888916016" />
		<info url="" text="" />
	</feature>
	<feature id="1010010100060023" shape="0" type="1" name="THINK!" url="">
		<nd x="3.383484" y="53.170471" />
		<nd x="14.029297" y="53.170471" />
		<nd x="14.029297" y="46.471130" />
		<nd x="3.383484" y="46.471130" />
		<center x="8.70642089844" y="49.8208007812" />
		<info url="" text="" />
	</feature>
	<feature id="1010010100060024" shape="0" type="1" name="Pattern maker" url="">
		<nd x="3.383484" y="39.505920" />
		<nd x="14.029297" y="39.505920" />
		<nd x="14.029297" y="33.438477" />
		<nd x="7.173279" y="33.438477" />
		<nd x="7.173279" y="29.548523" />
		<nd x="3.383484" y="29.548523" />
		<center x="8.70642089844" y="36.4722900391" />
		<info url="" text="" />
	</feature>
	<feature id="1010010100060025" shape="0" type="1" name="嘉宝" url="">
		<nd x="65.048889" y="31.437683" />
		<nd x="73.831116" y="31.437683" />
		<nd x="73.831116" y="26.989075" />
		<nd x="65.048889" y="26.989075" />
		<center x="69.4400024414" y="29.2133789062" />
		<info url="" text="" />
	</feature>
	<feature id="1010010100060026" shape="0" type="1" name="achette" url="">
		<nd x="65.048889" y="26.729126" />
		<nd x="73.831116" y="26.729126" />
		<nd x="73.831116" y="22.187073" />
		<nd x="65.048889" y="22.187073" />
		<center x="69.4400024414" y="24.4581298828" />
		<info url="" text="" />
	</feature>
	<feature id="1010010100060027" shape="0" type="1" name="ASH" url="">
		<nd x="65.048889" y="21.973877" />
		<nd x="73.831116" y="21.973877" />
		<nd x="73.831116" y="16.965881" />
		<nd x="65.048889" y="16.965881" />
		<center x="69.4400024414" y="19.469909668" />
		<info url="" text="" />
	</feature>
	<feature id="1010010100060028" shape="0" type="1" name="PATRICIA" url="">
		<nd x="65.048889" y="16.720886" />
		<nd x="73.831116" y="16.720886" />
		<nd x="73.831116" y="11.464478" />
		<nd x="65.048889" y="11.464478" />
		<center x="69.4400024414" y="14.0927124023" />
		<info url="" text="" />
	</feature>
	<feature id="1010010100060029" shape="0" type="1" name="BRAUN BUFFEL" url="">
		<nd x="62.211121" y="49.155518" />
		<nd x="62.211121" y="44.992310" />
		<nd x="58.237671" y="44.992310" />
		<nd x="58.237671" y="49.155518" />
		<center x="60.2244262695" y="47.0739135742" />
		<info url="" text="" />
	</feature>
	<feature id="1010010100060030" shape="0" type="1" name="豪特保健" url="">
		<nd x="62.211121" y="44.803711" />
		<nd x="62.211121" y="33.445679" />
		<nd x="54.059326" y="33.445679" />
		<nd x="54.059326" y="44.803711" />
		<center x="58.1351928711" y="39.1246948242" />
		<info url="" text="" />
	</feature>
	<feature id="1010010100060031" shape="0" type="1" name="STELLA LUNA" url="">
		<nd x="53.864502" y="26.777100" />
		<nd x="57.895691" y="26.777100" />
		<nd x="57.895691" y="22.866699" />
		<nd x="53.864502" y="22.866699" />
		<center x="55.8801269531" y="24.8218994141" />
		<info url="" text="" />
	</feature>
	<feature id="1010010100060032" shape="0" type="1" name="Yellow earth" url="">
		<nd x="58.078918" y="31.009888" />
		<nd x="62.576294" y="31.009888" />
		<nd x="62.576294" y="22.866699" />
		<nd x="58.078918" y="22.866699" />
		<center x="60.3275756836" y="26.938293457" />
		<info url="" text="" />
	</feature>
	<feature id="1010010100060033" shape="0" type="1" name="Karino" url="">
		<nd x="53.281921" y="60.269287" />
		<nd x="56.964294" y="60.269287" />
		<nd x="56.964294" y="52.003906" />
		<nd x="53.281921" y="52.003906" />
		<center x="55.1231079102" y="56.1365966797" />
		<info url="" text="" />
	</feature>
	<feature id="1010010100060034" shape="0" type="1" name="BOSSsunwen" url="">
		<nd x="57.174927" y="60.269287" />
		<nd x="62.049316" y="60.269287" />
		<nd x="62.049316" y="52.003906" />
		<nd x="57.174927" y="52.003906" />
		<center x="59.612121582" y="56.1365966797" />
		<info url="" text="" />
	</feature>
	<feature id="1010010100060035" shape="0" type="1" name="Diss ona" url="">
		<nd x="38.441284" y="60.269287" />
		<nd x="45.369324" y="60.269287" />
		<nd x="45.369324" y="56.166077" />
		<nd x="38.441284" y="56.166077" />
		<center x="41.9052734375" y="58.2177124023" />
		<info url="" text="" />
	</feature>
	<feature id="1010010100060036" shape="0" type="1" name="Kipling" url="">
		<nd x="38.441284" y="55.969482" />
		<nd x="45.336914" y="55.969482" />
		<nd x="45.336914" y="52.003906" />
		<nd x="38.441284" y="52.003906" />
		<center x="41.8890991211" y="53.9866943359" />
		<info url="" text="" />
	</feature>
	<feature id="1010010100060037" shape="0" type="1" name="BEVERLY HILLS POLO CLUB" url="">
		<nd x="36.005676" y="39.167908" />
		<nd x="36.005676" y="33.632324" />
		<nd x="31.658875" y="33.632324" />
		<nd x="31.658875" y="39.167908" />
		<center x="33.8322753906" y="36.4000854492" />
		<info url="" text="" />
	</feature>
	<feature id="1010010100060038" shape="0" type="1" name="喜来登" url="">
		<nd x="40.223328" y="49.771484" />
		<nd x="40.223328" y="44.611511" />
		<nd x="36.199280" y="44.611511" />
		<nd x="36.199280" y="49.771484" />
		<center x="38.2113037109" y="47.1915283203" />
		<info url="" text="" />
	</feature>
	<feature id="1010010100060039" shape="0" type="1" name="mister" url="">
		<nd x="40.223328" y="44.447083" />
		<nd x="40.223328" y="39.384521" />
		<nd x="36.199280" y="39.384521" />
		<nd x="36.199280" y="44.447083" />
		<center x="38.2113037109" y="41.9157714844" />
		<info url="" text="" />
	</feature>
	<feature id="1010010100060040" shape="0" type="1" name="MELCHNER" url="">
		<nd x="40.223328" y="39.167908" />
		<nd x="40.223328" y="33.704529" />
		<nd x="36.199280" y="33.704529" />
		<nd x="36.199280" y="39.167908" />
		<center x="38.2113037109" y="36.4362182617" />
		<info url="" text="" />
	</feature>
	<feature id="1010010100060041" shape="0" type="1" name="BROSMANN" url="">
		<nd x="16.552124" y="33.465515" />
		<nd x="16.552124" y="37.677307" />
		<nd x="16.475708" y="41.302307" />
		<nd x="22.986877" y="41.302307" />
		<nd x="22.986877" y="33.465515" />
		<center x="19.7606201172" y="37.3912963867" />
		<info url="" text="" />
	</feature>
	<feature id="1010010100060042" shape="0" type="1" name="C.BANNER" url="">
		<nd x="23.183899" y="39.274109" />
		<nd x="29.162292" y="39.274109" />
		<nd x="29.162292" y="33.465271" />
		<nd x="23.183899" y="33.465271" />
		<center x="26.1730957031" y="36.3696899414" />
		<info url="" text="" />
	</feature>
	<feature id="1010010100060043" shape="0" type="1" name="KISSCAT" url="">
		<nd x="23.183899" y="44.122498" />
		<nd x="29.162292" y="44.122498" />
		<nd x="29.162292" y="39.479309" />
		<nd x="23.183899" y="39.479309" />
		<center x="26.1730957031" y="41.8009033203" />
		<info url="" text="" />
	</feature>
	<feature id="1010010100060044" shape="0" type="1" name="FUSCALDO" url="">
		<nd x="23.183899" y="49.771484" />
		<nd x="29.162292" y="49.771484" />
		<nd x="29.162292" y="44.327881" />
		<nd x="23.183899" y="44.327881" />
		<center x="26.1730957031" y="47.0496826172" />
		<info url="" text="" />
	</feature>
	<feature id="1010010100060045" shape="0" type="1" name="oxox" url="">
		<nd x="31.687927" y="31.158081" />
		<nd x="35.818726" y="31.158081" />
		<nd x="35.818726" y="22.762878" />
		<nd x="31.687927" y="22.762878" />
		<center x="33.7532958984" y="26.9605102539" />
		<info url="" text="" />
	</feature>
	<feature id="1010010100060046" shape="0" type="1" name="CAMEIDO" url="">
		<nd x="36.057922" y="31.158081" />
		<nd x="40.188721" y="31.158081" />
		<nd x="40.188721" y="22.762878" />
		<nd x="36.057922" y="22.762878" />
		<center x="38.1232910156" y="26.9605102539" />
		<info url="" text="" />
	</feature>
	<feature id="1010010100060047" shape="0" type="1" name="le saunda" url="">
		<nd x="12.332275" y="24.545288" />
		<nd x="18.217529" y="24.545288" />
		<nd x="18.217529" y="19.317078" />
		<nd x="12.332275" y="19.317078" />
		<center x="15.2749023438" y="21.9312133789" />
		<info url="" text="" />
	</feature>
	<feature id="1010010100060048" shape="0" type="1" name="STELLA LUNA" url="">
		<nd x="12.314514" y="5.021912" />
		<nd x="12.314514" y="13.699524" />
		<nd x="12.350281" y="19.122498" />
		<nd x="18.235474" y="19.122498" />
		<nd x="18.210876" y="13.699524" />
		<nd x="20.380676" y="13.699524" />
		<nd x="20.380676" y="5.021912" />
		<center x="16.0123291016" y="11.5698242188" />
		<info url="" text="" />
	</feature>
	<feature id="1010010100060049" shape="0" type="1" name="TO BE AROUND SHRS" url="">
		<nd x="20.608093" y="13.666687" />
		<nd x="26.126099" y="13.666687" />
		<nd x="26.126099" y="5.021729" />
		<nd x="20.608093" y="5.021729" />
		<center x="23.3671264648" y="9.34417724609" />
		<info url="" text="" />
	</feature>
	<feature id="1010010100060050" shape="0" type="1" name="TRIBECA" url="">
		<nd x="26.328674" y="13.633728" />
		<nd x="30.842529" y="13.633728" />
		<nd x="30.842529" y="5.021729" />
		<nd x="26.328674" y="5.021729" />
		<center x="28.5855712891" y="9.32769775391" />
		<info url="" text="" />
	</feature>
	<feature id="1010010100060051" shape="0" type="1" name="fed" url="">
		<nd x="31.099121" y="13.633728" />
		<nd x="35.612671" y="13.633728" />
		<nd x="35.612671" y="5.021729" />
		<nd x="31.099121" y="5.021729" />
		<center x="33.3558959961" y="9.32769775391" />
		<info url="" text="" />
	</feature>
	<feature id="1010010100060052" shape="0" type="1" name="Millie's" url="">
		<nd x="35.869324" y="13.732483" />
		<nd x="40.383118" y="13.732483" />
		<nd x="40.383118" y="5.021729" />
		<nd x="35.869324" y="5.021729" />
		<center x="38.1262207031" y="9.37707519531" />
		<info url="" text="" />
	</feature>
	<feature id="1010010100060053" shape="0" type="1" name="Joy&amp;Peace" url="">
		<nd x="40.675293" y="13.765503" />
		<nd x="44.651123" y="13.765503" />
		<nd x="44.651123" y="5.021729" />
		<nd x="40.675293" y="5.021729" />
		<center x="42.6632080078" y="9.39361572266" />
		<info url="" text="" />
	</feature>
	<feature id="1010010100060054" shape="0" type="1" name="STACCATO" url="">
		<nd x="44.853882" y="13.798523" />
		<nd x="48.829712" y="13.798523" />
		<nd x="48.829712" y="5.021729" />
		<nd x="44.853882" y="5.021729" />
		<center x="46.841796875" y="9.41009521484" />
		<info url="" text="" />
	</feature>
	<feature id="1010010100060055" shape="0" type="1" name="Belle" url="">
		<nd x="49.086121" y="18.776306" />
		<nd x="54.281311" y="18.776306" />
		<nd x="54.281311" y="5.021729" />
		<nd x="49.086121" y="5.021729" />
		<center x="51.6837158203" y="11.8989868164" />
		<info url="" text="" />
	</feature>
	<feature id="1010010100060056" shape="0" type="1" name="J.Salomon" url="">
		<nd x="21.164917" y="20.629517" />
		<nd x="27.224670" y="20.629517" />
		<nd x="27.224670" y="15.955872" />
		<nd x="21.164917" y="15.955872" />
		<center x="24.1948242188" y="18.2927246094" />
		<info url="" text="" />
	</feature>
	<feature id="1010010100060057" shape="0" type="1" name="Suoluomen" url="">
		<nd x="27.378479" y="20.629517" />
		<nd x="33.844116" y="20.629517" />
		<nd x="33.844116" y="15.955872" />
		<nd x="27.378479" y="15.955872" />
		<center x="30.611328125" y="18.2927246094" />
		<info url="" text="" />
	</feature>
	<feature id="1010010100060058" shape="0" type="1" name="DULALA" url="">
		<nd x="34.073914" y="20.629517" />
		<nd x="39.905518" y="20.629517" />
		<nd x="39.905518" y="15.955872" />
		<nd x="34.073914" y="15.955872" />
		<center x="36.9896850586" y="18.2927246094" />
		<info url="" text="" />
	</feature>
	<feature id="1010010100060059" shape="0" type="1" name="COZYSTEPS" url="">
		<nd x="40.084473" y="20.629517" />
		<nd x="46.169922" y="20.629517" />
		<nd x="46.169922" y="15.955872" />
		<nd x="40.084473" y="15.955872" />
		<center x="43.1271972656" y="18.2927246094" />
		<info url="" text="" />
	</feature>
	<feature id="1010010100060060" shape="0" type="1" name="None" url="">
		<nd x="32.118103" y="62.563721" />
		<nd x="16.255676" y="62.563721" />
		<nd x="16.255676" y="72.724915" />
		<nd x="32.118103" y="72.724915" />
		<center x="24.1868896484" y="67.6442871094" />
		<info url="" text="" />
	</feature>
	<feature id="1010010100060061" shape="2" type="2" name="Escalator" url="Escalator.png">
		<nd x="49.796326" y="39.976074" />
		<center x="49.7963256836" y="39.9760742188" />
		<info url="" text="" />
	</feature>
	<feature id="1010010100060062" shape="2" type="2" name="Elevator" url="Elevator.png">
		<nd x="62.385315" y="12.613281" />
		<center x="62.3853149414" y="12.61328125" />
		<info url="" text="" />
	</feature>
	<feature id="1010010100060063" shape="2" type="2" name="Elevator" url="Elevator.png">
		<nd x="9.636475" y="29.083130" />
		<center x="9.63647460938" y="29.0831298828" />
		<info url="" text="" />
	</feature>
	<feature id="1010010100060064" shape="2" type="2" name="Toilet" url="Toilet.png">
		<nd x="10.260681" y="70.460327" />
		<center x="10.2606811523" y="70.4603271484" />
		<info url="" text="" />
	</feature>
	<feature id="1010010100060065" shape="2" type="2" name="Toilet" url="Toilet.png">
		<nd x="15.912109" y="71.288513" />
		<center x="15.912109375" y="71.2885131836" />
		<info url="" text="" />
	</feature>
	<feature id="1010010100060066" shape="2" type="2" name="Toilet" url="Toilet.png">
		<nd x="16.227112" y="71.288513" />
		<center x="16.2271118164" y="71.2885131836" />
		<info url="" text="" />
	</feature>
	<feature id="1010010100060067" shape="2" type="2" name="Toilet" url="Toilet.png">
		<nd x="10.345703" y="70.868286" />
		<center x="10.345703125" y="70.8682861328" />
		<info url="" text="" />
	</feature>
	<feature id="1010010100060068" shape="0" type="2" name="" url="">
		<nd x="54.483093" y="17.318909" />
		<nd x="58.212708" y="17.318909" />
		<nd x="58.212708" y="14.515320" />
		<nd x="64.874695" y="14.515320" />
		<nd x="64.874695" y="11.251892" />
		<nd x="74.063110" y="11.251892" />
		<nd x="74.063110" y="36.693909" />
		<nd x="84.139099" y="36.693909" />
		<nd x="84.139099" y="5.021729" />
		<nd x="54.483093" y="5.021729" />
		<center x="76.7250976562" y="20.8579101562" />
		<info url="" text="" />
	</feature>
	<feature id="1010010100060069" shape="0" type="2" name="" url="">
		<nd x="74.058105" y="65.801331" />
		<nd x="44.193481" y="65.877319" />
		<nd x="44.193481" y="72.724915" />
		<nd x="76.287292" y="72.724915" />
		<nd x="84.139099" y="67.153320" />
		<nd x="84.139099" y="39.290527" />
		<nd x="74.058105" y="39.290527" />
		<center x="64.1663208008" y="69.2756958008" />
		<info url="" text="" />
	</feature>
	<feature id="1010010100060070" shape="0" type="2" name="" url="">
		<nd x="3.383484" y="72.724915" />
		<nd x="18.302307" y="72.724915" />
		<nd x="18.302307" y="67.537476" />
		<nd x="7.505310" y="67.542114" />
		<nd x="7.505310" y="65.551331" />
		<nd x="16.259888" y="65.551331" />
		<nd x="16.288086" y="55.662109" />
		<nd x="3.383484" y="55.662109" />
		<nd x="3.383484" y="72.720886" />
		<center x="10.8428955078" y="60.6066894531" />
		<info url="" text="" />
	</feature>
	<feature id="1010010100060071" shape="0" type="2" name="" url="">
		<nd x="12.133728" y="5.021729" />
		<nd x="3.383484" y="5.021729" />
		<nd x="3.383484" y="29.083130" />
		<nd x="12.133728" y="29.083130" />
		<center x="7.75860595703" y="17.0524291992" />
		<info url="" text="" />
	</feature>
	<feature id="1010010100060072" shape="0" type="0" name="" url="">
		<nd x="2.886902" y="73.134521" />
		<nd x="76.395691" y="73.134521" />
		<nd x="84.586121" y="67.310303" />
		<nd x="84.586121" y="4.696899" />
		<nd x="2.886902" y="4.696899" />
		<center x="43.5731811523" y="38.7774047852" />
		<info url="" text="" />
	</feature>
	<feature id="1010010100060073" shape="0" type="3" name="" url="">
		<nd x="44.740723" y="44.812317" />
		<nd x="53.838074" y="44.812317" />
		<nd x="53.838074" y="34.328308" />
		<nd x="44.740723" y="34.328308" />
		<center x="49.2894287109" y="39.5703125" />
		<info url="" text="" />
	</feature>
</floor>
